TransactionID,CustomerID,ProductID,Quantity,TotalValue,Price_x,ProductName,Category,CustomerName,Region,Date,Month,Year
T00001,C0199,P067,1.0,300.68,300.68,ComfortLiving Bluetooth Speaker,Electronics,Andrea Jenkins,Europe,25,8,2024
T00761,C0199,P022,4.0,550.16,137.54,HomeSense Wall Art,Home Decor,Andrea Jenkins,Europe,1,10,2024
T00626,C0199,P079,2.0,834.74,417.37,ActiveWear Rug,Home Decor,Andrea Jenkins,Europe,17,8,2024
T00963,C0199,P008,2.0,293.7,146.85,BookWorld Bluetooth Speaker,Electronics,Andrea Jenkins,Europe,26,10,2024
T00112,C0146,P067,1.0,300.68,300.68,ComfortLiving Bluetooth Speaker,Electronics,Brittany Harvey,Asia,27,5,2024
T00175,C0146,P053,3.0,824.82,274.94,TechPro Rug,Home Decor,Brittany Harvey,Asia,18,12,2024
T00623,C0146,P066,3.0,1011.66,337.22,SoundWave Textbook,Books,Brittany Harvey,Asia,12,7,2024
T00222,C0146,P029,1.0,433.64,433.64,TechPro Headphones,Electronics,Brittany Harvey,Asia,24,5,2024
T00166,C0127,P067,1.0,300.68,300.68,ComfortLiving Bluetooth Speaker,Electronics,Kathryn Stevens,Europe,25,4,2024
T00444,C0127,P084,1.0,337.91,337.91,ActiveWear Wall Art,Home Decor,Kathryn Stevens,Europe,8,2,2024
T00116,C0127,P032,1.0,488.63,488.63,BookWorld Cookbook,Books,Kathryn Stevens,Europe,15,8,2024
T00082,C0127,P088,1.0,263.55,263.55,SoundWave Headphones,Electronics,Kathryn Stevens,Europe,25,8,2024
T00305,C0127,P028,4.0,942.32,235.58,HomeSense Desk Lamp,Home Decor,Kathryn Stevens,Europe,18,1,2024
T00543,C0127,P098,3.0,899.79,299.93,SoundWave Laptop,Electronics,Kathryn Stevens,Europe,20,9,2024
T00272,C0087,P067,2.0,601.36,300.68,ComfortLiving Bluetooth Speaker,Electronics,Travis Campbell,South America,26,3,2024
T00017,C0087,P057,4.0,958.8,239.7,ActiveWear Smartphone,Electronics,Travis Campbell,South America,9,5,2024
T00105,C0087,P049,3.0,443.85,147.95,TechPro Textbook,Books,Travis Campbell,South America,12,2,2024
T00640,C0087,P062,3.0,1122.48,374.16,HomeSense Novel,Books,Travis Campbell,South America,13,9,2024
T00938,C0087,P030,3.0,833.58,277.86,ActiveWear Cookbook,Books,Travis Campbell,South America,21,2,2024
T00295,C0087,P059,3.0,909.6,303.2,SoundWave Jeans,Clothing,Travis Campbell,South America,22,7,2024
T00554,C0087,P029,4.0,1734.56,433.64,TechPro Headphones,Electronics,Travis Campbell,South America,13,4,2024
T00363,C0070,P067,3.0,902.04,300.68,ComfortLiving Bluetooth Speaker,Electronics,Timothy Perez,Europe,21,3,2024
T00650,C0070,P049,4.0,591.8,147.95,TechPro Textbook,Books,Timothy Perez,Europe,7,10,2024
T00354,C0070,P097,4.0,1277.36,319.34,BookWorld Cookbook,Books,Timothy Perez,Europe,15,5,2024
T00825,C0070,P099,1.0,354.29,354.29,SoundWave Mystery Book,Books,Timothy Perez,Europe,8,2,2024
T00442,C0188,P067,1.0,300.68,300.68,ComfortLiving Bluetooth Speaker,Electronics,Anna Ball,South America,26,12,2024
T00184,C0188,P057,2.0,479.4,239.7,ActiveWear Smartphone,Electronics,Anna Ball,South America,13,5,2024
T00962,C0188,P057,2.0,479.4,239.7,ActiveWear Smartphone,Electronics,Anna Ball,South America,29,11,2024
T00221,C0188,P062,4.0,1496.64,374.16,HomeSense Novel,Books,Anna Ball,South America,28,2,2024
T00694,C0188,P076,4.0,1717.16,429.29,ActiveWear Jeans,Clothing,Anna Ball,South America,30,6,2024
T00481,C0188,P022,3.0,412.62,137.54,HomeSense Wall Art,Home Decor,Anna Ball,South America,30,8,2024
T00782,C0188,P075,3.0,1493.28,497.76,TechPro Textbook,Books,Anna Ball,South America,27,8,2024
T00464,C0188,P046,2.0,732.14,366.07,BookWorld Sweater,Clothing,Anna Ball,South America,16,5,2024
T00490,C0195,P067,3.0,902.04,300.68,ComfortLiving Bluetooth Speaker,Electronics,Jeremy Mclaughlin,South America,24,11,2024
T00990,C0195,P084,2.0,675.82,337.91,ActiveWear Wall Art,Home Decor,Jeremy Mclaughlin,South America,18,8,2024
T00897,C0195,P047,3.0,477.99,159.33,ComfortLiving Cookware Set,Home Decor,Jeremy Mclaughlin,South America,30,4,2024
T00188,C0195,P059,3.0,909.6,303.2,SoundWave Jeans,Clothing,Jeremy Mclaughlin,South America,21,5,2024
T00189,C0195,P033,2.0,128.5,64.25,TechPro T-Shirt,Clothing,Jeremy Mclaughlin,South America,5,4,2024
T00736,C0195,P028,4.0,942.32,235.58,HomeSense Desk Lamp,Home Decor,Jeremy Mclaughlin,South America,5,3,2024
T00536,C0008,P067,1.0,300.68,300.68,ComfortLiving Bluetooth Speaker,Electronics,David Li,North America,22,9,2024
T00644,C0008,P095,1.0,227.26,227.26,BookWorld Cookware Set,Home Decor,David Li,North America,13,6,2024
T00863,C0008,P038,1.0,147.22,147.22,TechPro Vase,Home Decor,David Li,North America,8,11,2024
T00425,C0008,P068,1.0,447.23,447.23,TechPro Novel,Books,David Li,North America,1,8,2024
T00815,C0008,P031,2.0,392.8,196.4,SoundWave Headphones,Electronics,David Li,North America,26,3,2024
T00101,C0008,P052,4.0,1419.24,354.81,SoundWave Jacket,Clothing,David Li,North America,16,9,2024
T00329,C0008,P035,4.0,122.36,30.59,ActiveWear T-Shirt,Clothing,David Li,North America,17,12,2024
T00860,C0008,P004,2.0,191.38,95.69,BookWorld Rug,Home Decor,David Li,North America,22,8,2024
T00730,C0008,P094,2.0,894.68,447.34,HomeSense Cookware Set,Home Decor,David Li,North America,22,1,2024
T00557,C0008,P026,2.0,128.76,64.38,SoundWave Bluetooth Speaker,Electronics,David Li,North America,11,3,2024
T00564,C0157,P067,3.0,902.04,300.68,ComfortLiving Bluetooth Speaker,Electronics,Miguel Wong,North America,7,12,2024
T00590,C0157,P051,2.0,130.32,65.16,ComfortLiving Desk Lamp,Home Decor,Miguel Wong,North America,4,5,2024
T00738,C0157,P013,3.0,342.6,114.2,BookWorld Smartwatch,Electronics,Miguel Wong,North America,19,3,2024
T00737,C0157,P021,1.0,335.84,335.84,SoundWave Rug,Home Decor,Miguel Wong,North America,19,5,2024
T00220,C0157,P090,1.0,165.3,165.3,ComfortLiving Biography,Books,Miguel Wong,North America,21,6,2024
T00631,C0130,P067,2.0,601.36,300.68,ComfortLiving Bluetooth Speaker,Electronics,Robert Jones,South America,14,5,2024
T00727,C0051,P067,3.0,902.04,300.68,ComfortLiving Bluetooth Speaker,Electronics,Nicholas Ellis,Europe,20,1,2024
T00579,C0051,P016,1.0,330.05,330.05,ActiveWear Running Shoes,Clothing,Nicholas Ellis,Europe,16,12,2024
T00070,C0051,P017,4.0,1879.08,469.77,ActiveWear Textbook,Books,Nicholas Ellis,Europe,11,12,2024
T00134,C0051,P006,2.0,242.64,121.32,ActiveWear Rug,Home Decor,Nicholas Ellis,Europe,3,1,2024
T00138,C0051,P083,4.0,1822.88,455.72,ActiveWear Smartwatch,Electronics,Nicholas Ellis,Europe,26,4,2024
T00257,C0051,P091,1.0,222.95,222.95,HomeSense Rug,Home Decor,Nicholas Ellis,Europe,10,8,2024
T00302,C0051,P098,1.0,299.93,299.93,SoundWave Laptop,Electronics,Nicholas Ellis,Europe,23,7,2024
T00729,C0075,P067,2.0,601.36,300.68,ComfortLiving Bluetooth Speaker,Electronics,Misty Higgins,Europe,7,10,2024
T00753,C0075,P084,4.0,1351.64,337.91,ActiveWear Wall Art,Home Decor,Misty Higgins,Europe,6,12,2024
T00197,C0075,P047,4.0,637.32,159.33,ComfortLiving Cookware Set,Home Decor,Misty Higgins,Europe,21,2,2024
T00544,C0075,P013,3.0,342.6,114.2,BookWorld Smartwatch,Electronics,Misty Higgins,Europe,13,6,2024
T00819,C0075,P096,2.0,614.94,307.47,SoundWave Headphones,Electronics,Misty Higgins,Europe,8,10,2024
T00459,C0075,P063,4.0,134.36,33.59,TechPro Novel,Books,Misty Higgins,Europe,17,1,2024
T00366,C0075,P033,3.0,192.75,64.25,TechPro T-Shirt,Clothing,Misty Higgins,Europe,9,8,2024
T00135,C0075,P097,3.0,958.02,319.34,BookWorld Cookbook,Books,Misty Higgins,Europe,29,4,2024
T00249,C0075,P024,3.0,1015.98,338.66,SoundWave Cookbook,Books,Misty Higgins,Europe,10,12,2024
T00797,C0155,P067,2.0,601.36,300.68,ComfortLiving Bluetooth Speaker,Electronics,Michelle Brown,South America,4,10,2024
T00146,C0155,P062,2.0,748.32,374.16,HomeSense Novel,Books,Michelle Brown,South America,24,7,2024
T00894,C0155,P076,2.0,858.58,429.29,ActiveWear Jeans,Clothing,Michelle Brown,South America,12,9,2024
T00904,C0155,P050,1.0,437.65,437.65,ActiveWear Smartwatch,Electronics,Michelle Brown,South America,17,1,2024
T00371,C0155,P048,4.0,1665.6,416.4,TechPro Cookbook,Books,Michelle Brown,South America,15,5,2024
T00572,C0155,P043,2.0,808.8,404.4,SoundWave Novel,Books,Michelle Brown,South America,21,9,2024
T00253,C0155,P026,4.0,257.52,64.38,SoundWave Bluetooth Speaker,Electronics,Michelle Brown,South America,11,11,2024
T00002,C0092,P034,2.0,434.1,217.05,HomeSense T-Shirt,Clothing,Jacqueline Zamora,Asia,16,12,2024
T00703,C0092,P057,3.0,719.1,239.7,ActiveWear Smartphone,Electronics,Jacqueline Zamora,Asia,4,2,2024
T00312,C0092,P036,1.0,372.55,372.55,BookWorld Jacket,Clothing,Jacqueline Zamora,Asia,27,1,2024
T00376,C0092,P036,4.0,1490.2,372.55,BookWorld Jacket,Clothing,Jacqueline Zamora,Asia,21,10,2024
T00063,C0088,P034,2.0,434.1,217.05,HomeSense T-Shirt,Clothing,Carlos Murray,Asia,19,6,2024
T00068,C0088,P010,3.0,1050.39,350.13,ComfortLiving Smartwatch,Electronics,Carlos Murray,Asia,22,9,2024
T00555,C0088,P039,1.0,430.59,430.59,TechPro Smartwatch,Electronics,Carlos Murray,Asia,15,12,2024
T00872,C0088,P055,1.0,128.53,128.53,BookWorld Biography,Books,Carlos Murray,Asia,2,6,2024
T00246,C0088,P035,3.0,91.77,30.59,ActiveWear T-Shirt,Clothing,Carlos Murray,Asia,5,12,2024
T00093,C0109,P034,4.0,868.2,217.05,HomeSense T-Shirt,Clothing,Abigail Jones,North America,11,8,2024
T00961,C0109,P095,3.0,681.78,227.26,BookWorld Cookware Set,Home Decor,Abigail Jones,North America,2,11,2024
T00032,C0109,P038,4.0,588.88,147.22,TechPro Vase,Home Decor,Abigail Jones,North America,7,11,2024
T00381,C0109,P003,4.0,176.48,44.12,ComfortLiving Biography,Books,Abigail Jones,North America,16,8,2024
T00283,C0109,P100,4.0,505.36,126.34,HomeSense Sweater,Clothing,Abigail Jones,North America,16,7,2024
T00301,C0109,P100,2.0,252.68,126.34,HomeSense Sweater,Clothing,Abigail Jones,North America,13,7,2024
T00291,C0109,P089,2.0,441.82,220.91,HomeSense Bluetooth Speaker,Electronics,Abigail Jones,North America,27,1,2024
T00639,C0109,P055,3.0,385.59,128.53,BookWorld Biography,Books,Abigail Jones,North America,12,3,2024
T00935,C0109,P029,1.0,433.64,433.64,TechPro Headphones,Electronics,Abigail Jones,North America,21,9,2024
T00976,C0109,P019,2.0,770.74,385.37,ComfortLiving Sweater,Clothing,Abigail Jones,North America,7,8,2024
T00241,C0109,P071,3.0,382.08,127.36,TechPro T-Shirt,Clothing,Abigail Jones,North America,8,7,2024
T00127,C0041,P034,4.0,868.2,217.05,HomeSense T-Shirt,Clothing,Lindsey Deleon,Europe,3,6,2024
T00620,C0041,P049,4.0,591.8,147.95,TechPro Textbook,Books,Lindsey Deleon,Europe,5,1,2024
T00193,C0041,P086,4.0,1762.8,440.7,SoundWave Novel,Books,Lindsey Deleon,Europe,10,6,2024
T00074,C0041,P025,3.0,853.86,284.62,ActiveWear Cookware Set,Home Decor,Lindsey Deleon,Europe,10,3,2024
T00066,C0041,P011,4.0,1044.8,261.2,SoundWave Desk Lamp,Home Decor,Lindsey Deleon,Europe,21,1,2024
T00941,C0041,P055,1.0,128.53,128.53,BookWorld Biography,Books,Lindsey Deleon,Europe,20,7,2024
T00978,C0041,P098,3.0,899.79,299.93,SoundWave Laptop,Electronics,Lindsey Deleon,Europe,15,12,2024
T00270,C0101,P034,3.0,651.15,217.05,HomeSense T-Shirt,Clothing,Kelsey Roberts,Asia,7,11,2024
T00881,C0101,P041,3.0,1368.84,456.28,ComfortLiving Smartphone,Electronics,Kelsey Roberts,Asia,19,8,2024
T00163,C0101,P007,4.0,1680.6,420.15,SoundWave Cookbook,Books,Kelsey Roberts,Asia,13,3,2024
T00600,C0101,P003,3.0,132.36,44.12,ComfortLiving Biography,Books,Kelsey Roberts,Asia,2,1,2024
T00616,C0101,P036,2.0,745.1,372.55,BookWorld Jacket,Clothing,Kelsey Roberts,Asia,7,12,2024
T00838,C0101,P066,1.0,337.22,337.22,SoundWave Textbook,Books,Kelsey Roberts,Asia,24,7,2024
T00333,C0101,P015,3.0,476.79,158.93,HomeSense Headphones,Electronics,Kelsey Roberts,Asia,28,12,2024
T00893,C0101,P015,1.0,158.93,158.93,HomeSense Headphones,Electronics,Kelsey Roberts,Asia,24,3,2024
T00358,C0154,P034,1.0,217.05,217.05,HomeSense T-Shirt,Clothing,Robert Sharp,North America,8,4,2024
T00252,C0154,P022,1.0,137.54,137.54,HomeSense Wall Art,Home Decor,Robert Sharp,North America,12,6,2024
T00550,C0154,P048,3.0,1249.2,416.4,TechPro Cookbook,Books,Robert Sharp,North America,24,4,2024
T00845,C0154,P083,2.0,911.44,455.72,ActiveWear Smartwatch,Electronics,Robert Sharp,North America,31,12,2023
T00966,C0154,P094,2.0,894.68,447.34,HomeSense Cookware Set,Home Decor,Robert Sharp,North America,4,3,2024
T00934,C0154,P008,2.0,293.7,146.85,BookWorld Bluetooth Speaker,Electronics,Robert Sharp,North America,19,9,2024
T00518,C0200,P034,4.0,868.2,217.05,HomeSense T-Shirt,Clothing,Kelly Cross,Asia,11,12,2024
T00091,C0200,P057,1.0,239.7,239.7,ActiveWear Smartphone,Electronics,Kelly Cross,Asia,27,4,2024
T00731,C0200,P061,4.0,627.84,156.96,HomeSense Desk Lamp,Home Decor,Kelly Cross,Asia,15,7,2024
T00771,C0200,P048,4.0,1665.6,416.4,TechPro Cookbook,Books,Kelly Cross,Asia,10,9,2024
T00889,C0200,P064,3.0,1357.26,452.42,HomeSense Running Shoes,Clothing,Kelly Cross,Asia,3,10,2024
T00546,C0049,P034,1.0,217.05,217.05,HomeSense T-Shirt,Clothing,Jason Yates,North America,30,8,2024
T00227,C0049,P058,2.0,315.24,157.62,ActiveWear Textbook,Books,Jason Yates,North America,25,4,2024
T00043,C0049,P027,4.0,916.24,229.06,SoundWave Headphones,Electronics,Jason Yates,North America,2,3,2024
T00065,C0049,P081,1.0,66.32,66.32,HomeSense Sweater,Clothing,Jason Yates,North America,1,2,2024
T00288,C0049,P065,1.0,427.61,427.61,BookWorld Sweater,Clothing,Jason Yates,North America,22,1,2024
T00661,C0049,P073,2.0,53.98,26.99,ComfortLiving Laptop,Electronics,Jason Yates,North America,25,5,2024
T00165,C0049,P056,4.0,64.32,16.08,SoundWave Smartwatch,Electronics,Jason Yates,North America,18,3,2024
T00777,C0049,P071,2.0,254.72,127.36,TechPro T-Shirt,Clothing,Jason Yates,North America,14,1,2024
T00982,C0103,P034,1.0,217.05,217.05,HomeSense T-Shirt,Clothing,Jennifer Munoz,Europe,17,7,2024
T00309,C0103,P007,2.0,840.3,420.15,SoundWave Cookbook,Books,Jennifer Munoz,Europe,28,8,2024
T00618,C0103,P092,1.0,389.2,389.2,BookWorld Running Shoes,Clothing,Jennifer Munoz,Europe,4,3,2024
T00099,C0103,P006,1.0,121.32,121.32,ActiveWear Rug,Home Decor,Jennifer Munoz,Europe,30,9,2024
T00918,C0103,P094,2.0,894.68,447.34,HomeSense Cookware Set,Home Decor,Jennifer Munoz,Europe,20,8,2024
T00003,C0028,P057,4.0,958.8,239.7,ActiveWear Smartphone,Electronics,Jennifer Pena,Asia,25,1,2024
T00619,C0028,P057,2.0,479.4,239.7,ActiveWear Smartphone,Electronics,Jennifer Pena,Asia,25,12,2024
T00649,C0028,P062,3.0,1122.48,374.16,HomeSense Novel,Books,Jennifer Pena,Asia,23,1,2024
T00330,C0028,P085,3.0,1249.05,416.35,BookWorld Biography,Books,Jennifer Pena,Asia,15,5,2024
T00653,C0028,P031,4.0,785.6,196.4,SoundWave Headphones,Electronics,Jennifer Pena,Asia,12,7,2024
T00142,C0028,P080,4.0,1214.0,303.5,ActiveWear Jacket,Clothing,Jennifer Pena,Asia,4,8,2024
T00171,C0028,P080,1.0,303.5,303.5,ActiveWear Jacket,Clothing,Jennifer Pena,Asia,19,9,2024
T00756,C0028,P028,3.0,706.74,235.58,HomeSense Desk Lamp,Home Decor,Jennifer Pena,Asia,15,2,2024
T00013,C0183,P057,4.0,958.8,239.7,ActiveWear Smartphone,Electronics,Kimberly Johnson,North America,4,3,2024
T00364,C0183,P062,2.0,748.32,374.16,HomeSense Novel,Books,Kimberly Johnson,North America,16,6,2024
T00512,C0183,P081,1.0,66.32,66.32,HomeSense Sweater,Clothing,Kimberly Johnson,North America,8,1,2024
T00073,C0183,P052,2.0,709.62,354.81,SoundWave Jacket,Clothing,Kimberly Johnson,North America,13,11,2024
T00594,C0183,P083,3.0,1367.16,455.72,ActiveWear Smartwatch,Electronics,Kimberly Johnson,North America,29,10,2024
T00046,C0190,P057,4.0,958.8,239.7,ActiveWear Smartphone,Electronics,Alexander Lowe,South America,28,7,2024
T00808,C0190,P054,4.0,229.2,57.3,SoundWave Cookbook,Books,Alexander Lowe,South America,6,7,2024
T00515,C0190,P078,1.0,41.18,41.18,HomeSense Rug,Home Decor,Alexander Lowe,South America,14,12,2024
T00368,C0190,P016,4.0,1320.2,330.05,ActiveWear Running Shoes,Clothing,Alexander Lowe,South America,16,5,2024
T00835,C0190,P029,1.0,433.64,433.64,TechPro Headphones,Electronics,Alexander Lowe,South America,16,12,2024
T00161,C0055,P057,2.0,479.4,239.7,ActiveWear Smartphone,Electronics,Lauren Williams,North America,15,7,2024
T00842,C0055,P025,4.0,1138.48,284.62,ActiveWear Cookware Set,Home Decor,Lauren Williams,North America,24,1,2024
T00888,C0055,P065,2.0,855.22,427.61,BookWorld Sweater,Clothing,Lauren Williams,North America,24,5,2024
T00494,C0055,P073,2.0,53.98,26.99,ComfortLiving Laptop,Electronics,Lauren Williams,North America,1,10,2024
T00716,C0055,P090,2.0,330.6,165.3,ComfortLiving Biography,Books,Lauren Williams,North America,2,4,2024
T00218,C0148,P057,3.0,719.1,239.7,ActiveWear Smartphone,Electronics,Matthew Rogers,South America,17,1,2024
T00936,C0148,P040,4.0,612.76,153.19,SoundWave Mystery Book,Books,Matthew Rogers,South America,11,6,2024
T00049,C0148,P039,3.0,1291.77,430.59,TechPro Smartwatch,Electronics,Matthew Rogers,South America,23,6,2024
T00521,C0148,P011,4.0,1044.8,261.2,SoundWave Desk Lamp,Home Decor,Matthew Rogers,South America,11,6,2024
T00912,C0148,P094,4.0,1789.36,447.34,HomeSense Cookware Set,Home Decor,Matthew Rogers,South America,2,10,2024
T00417,C0035,P057,3.0,719.1,239.7,ActiveWear Smartphone,Electronics,Brianna Richardson,North America,20,4,2024
T00447,C0035,P068,3.0,1341.69,447.23,TechPro Novel,Books,Brianna Richardson,North America,30,9,2024
T00036,C0035,P013,1.0,114.2,114.2,BookWorld Smartwatch,Electronics,Brianna Richardson,North America,17,1,2024
T00271,C0035,P022,3.0,412.62,137.54,HomeSense Wall Art,Home Decor,Brianna Richardson,North America,29,4,2024
T00492,C0120,P057,3.0,719.1,239.7,ActiveWear Smartphone,Electronics,Francisco Diaz,South America,8,8,2024
T00245,C0120,P089,4.0,883.64,220.91,HomeSense Bluetooth Speaker,Electronics,Francisco Diaz,South America,28,4,2024
T00593,C0120,P029,2.0,867.28,433.64,TechPro Headphones,Electronics,Francisco Diaz,South America,1,4,2024
T00605,C0017,P057,4.0,958.8,239.7,ActiveWear Smartphone,Electronics,Jennifer King,Europe,31,12,2023
T00355,C0017,P069,2.0,201.62,100.81,BookWorld Biography,Books,Jennifer King,Europe,12,1,2024
T00685,C0017,P095,2.0,454.52,227.26,BookWorld Cookware Set,Home Decor,Jennifer King,Europe,11,5,2024
T00854,C0017,P059,1.0,303.2,303.2,SoundWave Jeans,Clothing,Jennifer King,Europe,14,7,2024
T00067,C0017,P096,2.0,614.94,307.47,SoundWave Headphones,Electronics,Jennifer King,Europe,31,3,2024
T00921,C0017,P066,4.0,1348.88,337.22,SoundWave Textbook,Books,Jennifer King,Europe,1,12,2024
T00758,C0017,P001,3.0,507.9,169.3,ActiveWear Biography,Books,Jennifer King,Europe,28,5,2024
T00321,C0017,P006,3.0,363.96,121.32,ActiveWear Rug,Home Decor,Jennifer King,Europe,20,6,2024
T00615,C0145,P057,2.0,479.4,239.7,ActiveWear Smartphone,Electronics,Wayne Stone,Asia,14,7,2024
T00021,C0145,P038,2.0,294.44,147.22,TechPro Vase,Home Decor,Wayne Stone,Asia,11,1,2024
T00475,C0145,P085,2.0,832.7,416.35,BookWorld Biography,Books,Wayne Stone,Asia,28,9,2024
T00282,C0145,P059,1.0,303.2,303.2,SoundWave Jeans,Clothing,Wayne Stone,Asia,26,11,2024
T00588,C0145,P080,2.0,607.0,303.5,ActiveWear Jacket,Clothing,Wayne Stone,Asia,16,4,2024
T00946,C0145,P080,4.0,1214.0,303.5,ActiveWear Jacket,Clothing,Wayne Stone,Asia,22,7,2024
T00332,C0145,P028,4.0,942.32,235.58,HomeSense Desk Lamp,Home Decor,Wayne Stone,Asia,4,2,2024
T00500,C0145,P046,3.0,1098.21,366.07,BookWorld Sweater,Clothing,Wayne Stone,Asia,17,6,2024
T00004,C0004,P049,4.0,591.8,147.95,TechPro Textbook,Books,Kathleen Rodriguez,South America,19,7,2024
T00744,C0004,P053,4.0,1099.76,274.94,TechPro Rug,Home Decor,Kathleen Rodriguez,South America,11,3,2024
T00251,C0004,P038,3.0,441.66,147.22,TechPro Vase,Home Decor,Kathleen Rodriguez,South America,3,8,2024
T00456,C0004,P025,2.0,569.24,284.62,ActiveWear Cookware Set,Home Decor,Kathleen Rodriguez,South America,12,12,2024
T00534,C0004,P097,3.0,958.02,319.34,BookWorld Cookbook,Books,Kathleen Rodriguez,South America,25,6,2024
T00847,C0004,P024,1.0,338.66,338.66,SoundWave Cookbook,Books,Kathleen Rodriguez,South America,24,10,2024
T01000,C0004,P008,2.0,293.7,146.85,BookWorld Bluetooth Speaker,Electronics,Kathleen Rodriguez,South America,28,2,2024
T00379,C0004,P077,4.0,1062.04,265.51,ActiveWear Smartwatch,Electronics,Kathleen Rodriguez,South America,23,12,2024
T00136,C0010,P049,2.0,295.9,147.95,TechPro Textbook,Books,Aaron Cox,Europe,22,2,2024
T00517,C0010,P036,3.0,1117.65,372.55,BookWorld Jacket,Clothing,Aaron Cox,Europe,16,11,2024
T00939,C0010,P081,3.0,198.96,66.32,HomeSense Sweater,Clothing,Aaron Cox,Europe,29,3,2024
T00901,C0010,P014,4.0,105.04,26.26,ActiveWear Jacket,Clothing,Aaron Cox,Europe,12,5,2024
T00237,C0065,P049,2.0,295.9,147.95,TechPro Textbook,Books,Gerald Hines,North America,27,2,2024
T00568,C0065,P053,1.0,274.94,274.94,TechPro Rug,Home Decor,Gerald Hines,North America,18,9,2024
T00432,C0065,P038,3.0,441.66,147.22,TechPro Vase,Home Decor,Gerald Hines,North America,13,12,2024
T00696,C0065,P061,3.0,470.88,156.96,HomeSense Desk Lamp,Home Decor,Gerald Hines,North America,5,3,2024
T00160,C0065,P022,3.0,412.62,137.54,HomeSense Wall Art,Home Decor,Gerald Hines,North America,29,7,2024
T00499,C0065,P032,4.0,1954.52,488.63,BookWorld Cookbook,Books,Gerald Hines,North America,18,7,2024
T00776,C0065,P029,4.0,1734.56,433.64,TechPro Headphones,Electronics,Gerald Hines,North America,22,4,2024
T00215,C0065,P082,3.0,167.97,55.99,ComfortLiving Rug,Home Decor,Gerald Hines,North America,18,3,2024
T00866,C0065,P075,3.0,1493.28,497.76,TechPro Textbook,Books,Gerald Hines,North America,10,12,2024
T00656,C0065,P079,1.0,417.37,417.37,ActiveWear Rug,Home Decor,Gerald Hines,North America,13,9,2024
T00239,C0132,P049,2.0,295.9,147.95,TechPro Textbook,Books,Lisa Jackson,Europe,6,12,2024
T00970,C0132,P049,4.0,591.8,147.95,TechPro Textbook,Books,Lisa Jackson,Europe,17,11,2024
T00734,C0132,P045,2.0,963.56,481.78,SoundWave T-Shirt,Clothing,Lisa Jackson,Europe,29,9,2024
T00310,C0068,P049,2.0,295.9,147.95,TechPro Textbook,Books,Mark Cox,North America,18,5,2024
T00828,C0068,P069,4.0,403.24,100.81,BookWorld Biography,Books,Mark Cox,North America,4,6,2024
T00929,C0068,P072,3.0,1198.02,399.34,ActiveWear Headphones,Electronics,Mark Cox,North America,24,12,2024
T00950,C0068,P048,4.0,1665.6,416.4,TechPro Cookbook,Books,Mark Cox,North America,28,2,2024
T00773,C0068,P089,3.0,662.73,220.91,HomeSense Bluetooth Speaker,Electronics,Mark Cox,North America,8,12,2024
T00985,C0068,P088,2.0,527.1,263.55,SoundWave Headphones,Electronics,Mark Cox,North America,30,7,2024
T00114,C0068,P015,1.0,158.93,158.93,HomeSense Headphones,Electronics,Mark Cox,North America,28,5,2024
T00285,C0068,P002,3.0,1038.9,346.3,ActiveWear Smartwatch,Electronics,Mark Cox,North America,2,4,2024
T00470,C0123,P049,1.0,147.95,147.95,TechPro Textbook,Books,Jason Johnston,Asia,13,11,2024
T00294,C0123,P079,3.0,1252.11,417.37,ActiveWear Rug,Home Decor,Jason Johnston,Asia,23,8,2024
T00551,C0018,P049,3.0,443.85,147.95,TechPro Textbook,Books,Tyler Haynes,North America,23,2,2024
T00840,C0018,P061,3.0,470.88,156.96,HomeSense Desk Lamp,Home Decor,Tyler Haynes,North America,28,3,2024
T00647,C0018,P030,4.0,1111.44,277.86,ActiveWear Cookbook,Books,Tyler Haynes,North America,3,8,2024
T00275,C0018,P027,4.0,916.24,229.06,SoundWave Headphones,Electronics,Tyler Haynes,North America,17,2,2024
T00922,C0018,P037,4.0,1839.44,459.86,SoundWave Smartwatch,Electronics,Tyler Haynes,North America,5,4,2024
T00563,C0064,P049,1.0,147.95,147.95,TechPro Textbook,Books,Martha Montgomery,Europe,16,1,2024
T00230,C0064,P062,1.0,374.16,374.16,HomeSense Novel,Books,Martha Montgomery,Europe,6,12,2024
T00832,C0064,P025,3.0,853.86,284.62,ActiveWear Cookware Set,Home Decor,Martha Montgomery,Europe,7,5,2024
T00337,C0064,P027,4.0,916.24,229.06,SoundWave Headphones,Electronics,Martha Montgomery,Europe,7,1,2024
T00411,C0064,P018,4.0,1747.56,436.89,ComfortLiving Mystery Book,Books,Martha Montgomery,Europe,6,2,2024
T00567,C0121,P049,2.0,295.9,147.95,TechPro Textbook,Books,Mark Atkinson,Europe,27,9,2024
T00140,C0121,P069,2.0,201.62,100.81,BookWorld Biography,Books,Mark Atkinson,Europe,18,3,2024
T00895,C0121,P022,3.0,412.62,137.54,HomeSense Wall Art,Home Decor,Mark Atkinson,Europe,3,5,2024
T00562,C0121,P026,1.0,64.38,64.38,SoundWave Bluetooth Speaker,Electronics,Mark Atkinson,Europe,6,7,2024
T00818,C0161,P049,1.0,147.95,147.95,TechPro Textbook,Books,Jessica Warren,Asia,1,1,2024
T00204,C0161,P007,2.0,840.3,420.15,SoundWave Cookbook,Books,Jessica Warren,Asia,31,1,2024
T00115,C0161,P100,1.0,126.34,126.34,HomeSense Sweater,Clothing,Jessica Warren,Asia,10,3,2024
T00601,C0161,P011,1.0,261.2,261.2,SoundWave Desk Lamp,Home Decor,Jessica Warren,Asia,15,8,2024
T00794,C0161,P096,1.0,307.47,307.47,SoundWave Headphones,Electronics,Jessica Warren,Asia,20,5,2024
T00096,C0161,P073,3.0,80.97,26.99,ComfortLiving Laptop,Electronics,Jessica Warren,Asia,23,3,2024
T00367,C0161,P075,2.0,995.52,497.76,TechPro Textbook,Books,Jessica Warren,Asia,27,3,2024
T00591,C0161,P071,3.0,382.08,127.36,TechPro T-Shirt,Clothing,Jessica Warren,Asia,5,7,2024
T00923,C0173,P049,1.0,147.95,147.95,TechPro Textbook,Books,Francisco Young,Asia,19,7,2024
T00007,C0173,P023,4.0,1818.12,454.53,ActiveWear Cookware Set,Home Decor,Francisco Young,Asia,6,5,2024
T00343,C0173,P041,1.0,456.28,456.28,ComfortLiving Smartphone,Electronics,Francisco Young,Asia,2,1,2024
T00178,C0173,P027,2.0,458.12,229.06,SoundWave Headphones,Electronics,Francisco Young,Asia,5,1,2024
T00465,C0173,P032,2.0,977.26,488.63,BookWorld Cookbook,Books,Francisco Young,Asia,24,5,2024
T00387,C0173,P081,3.0,198.96,66.32,HomeSense Sweater,Clothing,Francisco Young,Asia,18,5,2024
T00641,C0173,P004,3.0,287.07,95.69,BookWorld Rug,Home Decor,Francisco Young,Asia,2,1,2024
T00900,C0173,P046,4.0,1464.28,366.07,BookWorld Sweater,Clothing,Francisco Young,Asia,1,9,2024
T00005,C0150,P087,2.0,580.34,290.17,TechPro Running Shoes,Clothing,Angela Williams,South America,25,5,2024
T00037,C0176,P087,4.0,1160.68,290.17,TechPro Running Shoes,Clothing,Nicole Booth,North America,9,3,2024
T00234,C0176,P090,4.0,661.2,165.3,ComfortLiving Biography,Books,Nicole Booth,North America,7,7,2024
T00890,C0176,P071,4.0,509.44,127.36,TechPro T-Shirt,Clothing,Nicole Booth,North America,2,2,2024
T00206,C0167,P087,2.0,580.34,290.17,TechPro Running Shoes,Clothing,Brandy Welch,Europe,5,5,2024
T00128,C0167,P061,3.0,470.88,156.96,HomeSense Desk Lamp,Home Decor,Brandy Welch,Europe,1,10,2024
T00072,C0167,P048,3.0,1249.2,416.4,TechPro Cookbook,Books,Brandy Welch,Europe,23,5,2024
T00208,C0184,P087,1.0,290.17,290.17,TechPro Running Shoes,Clothing,Tina Jacobs,South America,14,8,2024
T00485,C0184,P087,1.0,290.17,290.17,TechPro Running Shoes,Clothing,Tina Jacobs,South America,13,5,2024
T00349,C0184,P023,1.0,454.53,454.53,ActiveWear Cookware Set,Home Decor,Tina Jacobs,South America,18,4,2024
T00236,C0184,P041,1.0,456.28,456.28,ComfortLiving Smartphone,Electronics,Tina Jacobs,South America,25,2,2024
T00637,C0184,P040,3.0,459.57,153.19,SoundWave Mystery Book,Books,Tina Jacobs,South America,8,9,2024
T00831,C0184,P083,2.0,911.44,455.72,ActiveWear Smartwatch,Electronics,Tina Jacobs,South America,19,5,2024
T00418,C0184,P077,2.0,531.02,265.51,ActiveWear Smartwatch,Electronics,Tina Jacobs,South America,3,1,2024
T00488,C0034,P087,2.0,580.34,290.17,TechPro Running Shoes,Clothing,Dalton Perez,North America,21,10,2024
T00453,C0034,P027,4.0,916.24,229.06,SoundWave Headphones,Electronics,Dalton Perez,North America,10,7,2024
T00540,C0034,P065,2.0,855.22,427.61,BookWorld Sweater,Clothing,Dalton Perez,North America,8,5,2024
T00466,C0034,P055,4.0,514.12,128.53,BookWorld Biography,Books,Dalton Perez,North America,23,10,2024
T00905,C0034,P033,2.0,128.5,64.25,TechPro T-Shirt,Clothing,Dalton Perez,North America,22,9,2024
T00207,C0034,P014,3.0,78.78,26.26,ActiveWear Jacket,Clothing,Dalton Perez,North America,19,6,2024
T00497,C0053,P087,4.0,1160.68,290.17,TechPro Running Shoes,Clothing,Albert Burke,Europe,21,6,2024
T00293,C0053,P053,3.0,824.82,274.94,TechPro Rug,Home Decor,Albert Burke,Europe,11,7,2024
T00665,C0053,P039,4.0,1722.36,430.59,TechPro Smartwatch,Electronics,Albert Burke,Europe,1,11,2024
T00668,C0053,P081,2.0,132.64,66.32,HomeSense Sweater,Clothing,Albert Burke,Europe,21,1,2024
T00506,C0053,P006,1.0,121.32,121.32,ActiveWear Rug,Home Decor,Albert Burke,Europe,18,9,2024
T00528,C0053,P024,4.0,1354.64,338.66,SoundWave Cookbook,Books,Albert Burke,Europe,28,8,2024
T00684,C0102,P087,1.0,290.17,290.17,TechPro Running Shoes,Clothing,Michael Atkinson,South America,17,7,2024
T00458,C0102,P061,1.0,156.96,156.96,HomeSense Desk Lamp,Home Decor,Michael Atkinson,South America,25,6,2024
T00365,C0102,P058,4.0,630.48,157.62,ActiveWear Textbook,Books,Michael Atkinson,South America,9,4,2024
T00471,C0102,P058,4.0,630.48,157.62,ActiveWear Textbook,Books,Michael Atkinson,South America,12,1,2024
T00480,C0102,P039,3.0,1291.77,430.59,TechPro Smartwatch,Electronics,Michael Atkinson,South America,2,8,2024
T00673,C0102,P029,3.0,1300.92,433.64,TechPro Headphones,Electronics,Michael Atkinson,South America,1,9,2024
T00843,C0102,P020,2.0,792.68,396.34,ActiveWear Jacket,Clothing,Michael Atkinson,South America,8,8,2024
T00780,C0102,P002,3.0,1038.9,346.3,ActiveWear Smartwatch,Electronics,Michael Atkinson,South America,14,2,2024
T00846,C0134,P087,4.0,1160.68,290.17,TechPro Running Shoes,Clothing,Theresa Gonzalez,Asia,10,11,2024
T00712,C0134,P011,3.0,783.6,261.2,SoundWave Desk Lamp,Home Decor,Theresa Gonzalez,Asia,23,9,2024
T00273,C0134,P006,4.0,485.28,121.32,ActiveWear Rug,Home Decor,Theresa Gonzalez,Asia,14,4,2024
T00804,C0134,P035,4.0,122.36,30.59,ActiveWear T-Shirt,Clothing,Theresa Gonzalez,Asia,10,12,2024
T00559,C0134,P071,1.0,127.36,127.36,TechPro T-Shirt,Clothing,Theresa Gonzalez,Asia,28,4,2024
T00875,C0086,P087,2.0,580.34,290.17,TechPro Running Shoes,Clothing,Stephanie Peterson,Europe,26,9,2024
T00009,C0086,P095,4.0,909.04,227.26,BookWorld Cookware Set,Home Decor,Stephanie Peterson,Europe,6,4,2024
T00873,C0086,P054,4.0,229.2,57.3,SoundWave Cookbook,Books,Stephanie Peterson,Europe,2,8,2024
T00292,C0086,P010,2.0,700.26,350.13,ComfortLiving Smartwatch,Electronics,Stephanie Peterson,Europe,26,12,2024
T00807,C0086,P021,1.0,335.84,335.84,SoundWave Rug,Home Decor,Stephanie Peterson,Europe,23,10,2024
T00880,C0036,P087,3.0,870.51,290.17,TechPro Running Shoes,Clothing,Brian Aguilar DDS,North America,2,11,2024
T00433,C0036,P001,2.0,338.6,169.3,ActiveWear Biography,Books,Brian Aguilar DDS,North America,5,5,2024
T00646,C0036,P091,3.0,668.85,222.95,HomeSense Rug,Home Decor,Brian Aguilar DDS,North America,23,1,2024
T00953,C0056,P087,2.0,580.34,290.17,TechPro Running Shoes,Clothing,Erika Fernandez,Asia,7,3,2024
T00750,C0056,P070,4.0,194.76,48.69,HomeSense T-Shirt,Clothing,Erika Fernandez,Asia,25,12,2024
T00039,C0056,P050,2.0,875.3,437.65,ActiveWear Smartwatch,Electronics,Erika Fernandez,Asia,16,10,2024
T00585,C0056,P065,2.0,855.22,427.61,BookWorld Sweater,Clothing,Erika Fernandez,Asia,31,1,2024
T00214,C0056,P024,2.0,677.32,338.66,SoundWave Cookbook,Books,Erika Fernandez,Asia,18,2,2024
T00006,C0076,P053,3.0,824.82,274.94,TechPro Rug,Home Decor,Emily Roberts,South America,1,12,2024
T00089,C0076,P023,1.0,454.53,454.53,ActiveWear Cookware Set,Home Decor,Emily Roberts,South America,19,6,2024
T00957,C0076,P051,3.0,195.48,65.16,ComfortLiving Desk Lamp,Home Decor,Emily Roberts,South America,21,2,2024
T00124,C0076,P058,3.0,472.86,157.62,ActiveWear Textbook,Books,Emily Roberts,South America,7,2,2024
T00836,C0076,P019,1.0,385.37,385.37,ComfortLiving Sweater,Clothing,Emily Roberts,South America,25,4,2024
T00010,C0194,P053,1.0,274.94,274.94,TechPro Rug,Home Decor,Stacy Cook,North America,14,3,2024
T00448,C0194,P069,2.0,201.62,100.81,BookWorld Biography,Books,Stacy Cook,North America,22,10,2024
T00414,C0194,P022,3.0,412.62,137.54,HomeSense Wall Art,Home Decor,Stacy Cook,North America,31,3,2024
T00113,C0194,P090,1.0,165.3,165.3,ComfortLiving Biography,Books,Stacy Cook,North America,26,8,2024
T00133,C0194,P083,3.0,1367.16,455.72,ActiveWear Smartwatch,Electronics,Stacy Cook,North America,26,9,2024
T00858,C0194,P012,1.0,159.6,159.6,ComfortLiving Headphones,Electronics,Stacy Cook,North America,18,8,2024
T00483,C0194,P005,3.0,1287.93,429.31,TechPro T-Shirt,Clothing,Stacy Cook,North America,8,5,2024
T00269,C0124,P053,4.0,1099.76,274.94,TechPro Rug,Home Decor,Lindsay Perez,Europe,6,2,2024
T00203,C0124,P054,4.0,229.2,57.3,SoundWave Cookbook,Books,Lindsay Perez,Europe,31,3,2024
T00027,C0124,P086,2.0,881.4,440.7,SoundWave Novel,Books,Lindsay Perez,Europe,30,3,2024
T00050,C0124,P016,1.0,330.05,330.05,ActiveWear Running Shoes,Clothing,Lindsay Perez,Europe,7,10,2024
T00742,C0124,P022,2.0,275.08,137.54,HomeSense Wall Art,Home Decor,Lindsay Perez,Europe,23,3,2024
T00478,C0124,P006,4.0,485.28,121.32,ActiveWear Rug,Home Decor,Lindsay Perez,Europe,12,4,2024
T00625,C0124,P045,2.0,963.56,481.78,SoundWave T-Shirt,Clothing,Lindsay Perez,Europe,2,7,2024
T00602,C0024,P053,1.0,274.94,274.94,TechPro Rug,Home Decor,Michele Cooley,North America,26,4,2024
T00674,C0024,P059,3.0,909.6,303.2,SoundWave Jeans,Clothing,Michele Cooley,North America,14,4,2024
T00998,C0024,P011,2.0,522.4,261.2,SoundWave Desk Lamp,Home Decor,Michele Cooley,North America,19,6,2024
T00314,C0024,P001,4.0,677.2,169.3,ActiveWear Biography,Books,Michele Cooley,North America,24,9,2024
T00999,C0024,P064,1.0,452.42,452.42,HomeSense Running Shoes,Clothing,Michele Cooley,North America,24,2,2024
T00689,C0024,P090,2.0,330.6,165.3,ComfortLiving Biography,Books,Michele Cooley,North America,30,5,2024
T00992,C0024,P037,1.0,459.86,459.86,SoundWave Smartwatch,Electronics,Michele Cooley,North America,21,4,2024
T00952,C0139,P053,1.0,274.94,274.94,TechPro Rug,Home Decor,Ricky Gutierrez,North America,6,10,2024
T00347,C0139,P040,2.0,306.38,153.19,SoundWave Mystery Book,Books,Ricky Gutierrez,North America,24,1,2024
T00308,C0139,P068,2.0,894.46,447.23,TechPro Novel,Books,Ricky Gutierrez,North America,29,9,2024
T00080,C0139,P036,1.0,372.55,372.55,BookWorld Jacket,Clothing,Ricky Gutierrez,North America,9,4,2024
T00566,C0139,P058,2.0,315.24,157.62,ActiveWear Textbook,Books,Ricky Gutierrez,North America,30,7,2024
T00319,C0139,P032,1.0,488.63,488.63,BookWorld Cookbook,Books,Ricky Gutierrez,North America,17,1,2024
T00226,C0139,P006,2.0,242.64,121.32,ActiveWear Rug,Home Decor,Ricky Gutierrez,North America,2,10,2024
T00837,C0139,P043,2.0,808.8,404.4,SoundWave Novel,Books,Ricky Gutierrez,North America,20,9,2024
T00968,C0133,P053,4.0,1099.76,274.94,TechPro Rug,Home Decor,Gwendolyn Carter,South America,5,12,2024
T00749,C0133,P023,2.0,909.06,454.53,ActiveWear Cookware Set,Home Decor,Gwendolyn Carter,South America,20,6,2024
T00441,C0133,P071,4.0,509.44,127.36,TechPro T-Shirt,Clothing,Gwendolyn Carter,South America,3,2,2024
T00943,C0133,P046,1.0,366.07,366.07,BookWorld Sweater,Clothing,Gwendolyn Carter,South America,1,1,2024
T00158,C0012,P023,2.0,909.06,454.53,ActiveWear Cookware Set,Home Decor,Kevin May,South America,30,5,2024
T00721,C0012,P023,3.0,1363.59,454.53,ActiveWear Cookware Set,Home Decor,Kevin May,South America,8,12,2024
T00094,C0012,P041,4.0,1825.12,456.28,ComfortLiving Smartphone,Electronics,Kevin May,South America,14,7,2024
T00023,C0012,P061,4.0,627.84,156.96,HomeSense Desk Lamp,Home Decor,Kevin May,South America,18,6,2024
T00686,C0012,P003,4.0,176.48,44.12,ComfortLiving Biography,Books,Kevin May,South America,12,5,2024
T00537,C0012,P074,1.0,295.58,295.58,SoundWave Desk Lamp,Home Decor,Kevin May,South America,25,12,2024
T00353,C0012,P063,1.0,33.59,33.59,TechPro Novel,Books,Kevin May,South America,22,10,2024
T00455,C0128,P023,1.0,454.53,454.53,ActiveWear Cookware Set,Home Decor,Henry Leach,Asia,8,1,2024
T00443,C0128,P047,2.0,318.66,159.33,ComfortLiving Cookware Set,Home Decor,Henry Leach,Asia,26,5,2024
T00501,C0158,P023,3.0,1363.59,454.53,ActiveWear Cookware Set,Home Decor,Wendy Browning,South America,4,9,2024
T00106,C0158,P076,4.0,1717.16,429.29,ActiveWear Jeans,Clothing,Wendy Browning,South America,12,9,2024
T00457,C0158,P021,1.0,335.84,335.84,SoundWave Rug,Home Decor,Wendy Browning,South America,18,7,2024
T00244,C0158,P098,1.0,299.93,299.93,SoundWave Laptop,Electronics,Wendy Browning,South America,4,1,2024
T00997,C0164,P023,4.0,1818.12,454.53,ActiveWear Cookware Set,Home Decor,Morgan Perez,Europe,1,11,2024
T00117,C0164,P096,2.0,614.94,307.47,SoundWave Headphones,Electronics,Morgan Perez,Europe,25,3,2024
T00446,C0164,P035,2.0,61.18,30.59,ActiveWear T-Shirt,Clothing,Morgan Perez,Europe,25,2,2024
T00334,C0164,P004,1.0,95.69,95.69,BookWorld Rug,Home Decor,Morgan Perez,Europe,22,2,2024
T00176,C0164,P075,1.0,497.76,497.76,TechPro Textbook,Books,Morgan Perez,Europe,20,10,2024
T00008,C0067,P069,1.0,100.81,100.81,BookWorld Biography,Books,Carl Gonzalez,North America,17,10,2024
T00407,C0067,P036,1.0,372.55,372.55,BookWorld Jacket,Clothing,Carl Gonzalez,North America,17,10,2024
T00431,C0067,P078,3.0,123.54,41.18,HomeSense Rug,Home Decor,Carl Gonzalez,North America,15,8,2024
T00911,C0067,P020,3.0,1189.02,396.34,ActiveWear Jacket,Clothing,Carl Gonzalez,North America,14,6,2024
T00248,C0067,P002,4.0,1385.2,346.3,ActiveWear Smartwatch,Electronics,Carl Gonzalez,North America,3,5,2024
T00396,C0067,P037,2.0,919.72,459.86,SoundWave Smartwatch,Electronics,Carl Gonzalez,North America,14,4,2024
T00035,C0142,P069,2.0,201.62,100.81,BookWorld Biography,Books,Nicole Long DVM,Asia,20,8,2024
T00137,C0142,P040,4.0,612.76,153.19,SoundWave Mystery Book,Books,Nicole Long DVM,Asia,3,4,2024
T00678,C0142,P092,3.0,1167.6,389.2,BookWorld Running Shoes,Clothing,Nicole Long DVM,Asia,24,12,2024
T00463,C0142,P055,2.0,257.06,128.53,BookWorld Biography,Books,Nicole Long DVM,Asia,25,5,2024
T00187,C0032,P069,1.0,100.81,100.81,BookWorld Biography,Books,Dustin Campbell,South America,24,2,2024
T00514,C0032,P042,1.0,379.44,379.44,ActiveWear Headphones,Electronics,Dustin Campbell,South America,27,11,2024
T00755,C0032,P033,3.0,192.75,64.25,TechPro T-Shirt,Clothing,Dustin Campbell,South America,12,7,2024
T00194,C0063,P069,1.0,100.81,100.81,BookWorld Biography,Books,Wayne Ferguson,Europe,28,9,2024
T00394,C0063,P097,4.0,1277.36,319.34,BookWorld Cookbook,Books,Wayne Ferguson,Europe,25,3,2024
T00228,C0113,P069,2.0,201.62,100.81,BookWorld Biography,Books,Joseph Ortiz Jr.,South America,21,4,2024
T00276,C0113,P010,3.0,1050.39,350.13,ComfortLiving Smartwatch,Electronics,Joseph Ortiz Jr.,South America,27,11,2024
T00240,C0113,P076,1.0,429.29,429.29,ActiveWear Jeans,Clothing,Joseph Ortiz Jr.,South America,24,1,2024
T00045,C0113,P078,4.0,164.72,41.18,HomeSense Rug,Home Decor,Joseph Ortiz Jr.,South America,9,7,2024
T00123,C0113,P078,2.0,82.36,41.18,HomeSense Rug,Home Decor,Joseph Ortiz Jr.,South America,25,7,2024
T00390,C0113,P089,4.0,883.64,220.91,HomeSense Bluetooth Speaker,Electronics,Joseph Ortiz Jr.,South America,4,2,2024
T00917,C0113,P090,2.0,330.6,165.3,ComfortLiving Biography,Books,Joseph Ortiz Jr.,South America,18,1,2024
T00427,C0113,P079,4.0,1669.48,417.37,ActiveWear Rug,Home Decor,Joseph Ortiz Jr.,South America,5,2,2024
T00232,C0136,P069,3.0,302.43,100.81,BookWorld Biography,Books,Kristen Holder,Asia,10,11,2024
T00026,C0136,P051,3.0,195.48,65.16,ComfortLiving Desk Lamp,Home Decor,Kristen Holder,Asia,1,2,2024
T00047,C0136,P047,4.0,637.32,159.33,ComfortLiving Cookware Set,Home Decor,Kristen Holder,Asia,23,4,2024
T00491,C0136,P030,4.0,1111.44,277.86,ActiveWear Cookbook,Books,Kristen Holder,Asia,7,6,2024
T00440,C0136,P021,3.0,1007.52,335.84,SoundWave Rug,Home Decor,Kristen Holder,Asia,24,7,2024
T00977,C0136,P011,4.0,1044.8,261.2,SoundWave Desk Lamp,Home Decor,Kristen Holder,Asia,16,1,2024
T00561,C0172,P069,1.0,100.81,100.81,BookWorld Biography,Books,Jamie Webb,Europe,14,5,2024
T00574,C0172,P003,1.0,44.12,44.12,ComfortLiving Biography,Books,Jamie Webb,Europe,23,7,2024
T00191,C0172,P050,1.0,437.65,437.65,ActiveWear Smartwatch,Electronics,Jamie Webb,Europe,21,11,2024
T00816,C0172,P078,2.0,82.36,41.18,HomeSense Rug,Home Decor,Jamie Webb,Europe,25,9,2024
T00743,C0172,P074,3.0,886.74,295.58,SoundWave Desk Lamp,Home Decor,Jamie Webb,Europe,21,1,2024
T00651,C0172,P009,2.0,650.02,325.01,BookWorld Wall Art,Home Decor,Jamie Webb,Europe,12,6,2024
T00852,C0125,P069,3.0,302.43,100.81,BookWorld Biography,Books,Nicholas Taylor,North America,24,8,2024
T00261,C0125,P041,2.0,912.56,456.28,ComfortLiving Smartphone,Electronics,Nicholas Taylor,North America,20,2,2024
T00315,C0125,P010,3.0,1050.39,350.13,ComfortLiving Smartwatch,Electronics,Nicholas Taylor,North America,3,4,2024
T00266,C0125,P099,2.0,708.58,354.29,SoundWave Mystery Book,Books,Nicholas Taylor,North America,27,2,2024
T00155,C0002,P095,2.0,454.52,227.26,BookWorld Cookware Set,Home Decor,Elizabeth Lutz,Asia,12,7,2024
T00129,C0002,P004,4.0,382.76,95.69,BookWorld Rug,Home Decor,Elizabeth Lutz,Asia,11,6,2024
T00148,C0002,P019,2.0,770.74,385.37,ComfortLiving Sweater,Clothing,Elizabeth Lutz,Asia,28,2,2024
T00675,C0002,P071,2.0,254.72,127.36,TechPro T-Shirt,Clothing,Elizabeth Lutz,Asia,3,12,2024
T00800,C0122,P095,3.0,681.78,227.26,BookWorld Cookware Set,Home Decor,Corey Ruiz,North America,25,8,2024
T00944,C0122,P062,2.0,748.32,374.16,HomeSense Novel,Books,Corey Ruiz,North America,8,10,2024
T00986,C0122,P010,2.0,700.26,350.13,ComfortLiving Smartwatch,Electronics,Corey Ruiz,North America,20,5,2024
T00265,C0122,P084,1.0,337.91,337.91,ActiveWear Wall Art,Home Decor,Corey Ruiz,North America,19,3,2024
T00693,C0122,P042,4.0,1517.76,379.44,ActiveWear Headphones,Electronics,Corey Ruiz,North America,17,12,2024
T00125,C0122,P033,2.0,128.5,64.25,TechPro T-Shirt,Clothing,Corey Ruiz,North America,26,1,2024
T00182,C0122,P097,3.0,958.02,319.34,BookWorld Cookbook,Books,Corey Ruiz,North America,8,5,2024
T00965,C0071,P095,4.0,909.04,227.26,BookWorld Cookware Set,Home Decor,Taylor Murphy,South America,23,8,2024
T00910,C0071,P040,1.0,153.19,153.19,SoundWave Mystery Book,Books,Taylor Murphy,South America,22,5,2024
T00428,C0071,P001,2.0,338.6,169.3,ActiveWear Biography,Books,Taylor Murphy,South America,2,8,2024
T00011,C0162,P062,1.0,374.16,374.16,HomeSense Novel,Books,Edwin Watson,Asia,3,4,2024
T00642,C0162,P060,4.0,622.6,155.65,HomeSense T-Shirt,Clothing,Edwin Watson,Asia,6,8,2024
T00710,C0162,P010,1.0,350.13,350.13,ComfortLiving Smartwatch,Electronics,Edwin Watson,Asia,13,1,2024
T00859,C0162,P050,3.0,1312.95,437.65,ActiveWear Smartwatch,Electronics,Edwin Watson,Asia,11,1,2024
T00573,C0162,P025,3.0,853.86,284.62,ActiveWear Cookware Set,Home Decor,Edwin Watson,Asia,17,11,2024
T00477,C0162,P009,3.0,975.03,325.01,BookWorld Wall Art,Home Decor,Edwin Watson,Asia,14,10,2024
T00233,C0162,P082,1.0,55.99,55.99,ComfortLiving Rug,Home Decor,Edwin Watson,Asia,16,2,2024
T00290,C0162,P026,4.0,257.52,64.38,SoundWave Bluetooth Speaker,Electronics,Edwin Watson,Asia,29,1,2024
T00041,C0141,P062,4.0,1496.64,374.16,HomeSense Novel,Books,Paul Parsons,Europe,13,2,2024
T00439,C0141,P092,4.0,1556.8,389.2,BookWorld Running Shoes,Clothing,Paul Parsons,Europe,1,7,2024
T00316,C0141,P036,2.0,745.1,372.55,BookWorld Jacket,Clothing,Paul Parsons,Europe,3,12,2024
T00580,C0141,P025,1.0,284.62,284.62,ActiveWear Cookware Set,Home Decor,Paul Parsons,Europe,9,4,2024
T00861,C0141,P042,4.0,1517.76,379.44,ActiveWear Headphones,Electronics,Paul Parsons,Europe,26,9,2024
T00811,C0141,P048,4.0,1665.6,416.4,TechPro Cookbook,Books,Paul Parsons,Europe,3,6,2024
T00076,C0141,P065,3.0,1282.83,427.61,BookWorld Sweater,Clothing,Paul Parsons,Europe,23,9,2024
T00899,C0141,P093,1.0,304.94,304.94,TechPro Vase,Home Decor,Paul Parsons,Europe,30,4,2024
T00628,C0141,P064,1.0,452.42,452.42,HomeSense Running Shoes,Clothing,Paul Parsons,Europe,19,8,2024
T00289,C0141,P083,3.0,1367.16,455.72,ActiveWear Smartwatch,Electronics,Paul Parsons,Europe,3,12,2024
T00190,C0156,P062,2.0,748.32,374.16,HomeSense Novel,Books,William Adams,North America,25,9,2024
T00699,C0156,P054,3.0,171.9,57.3,SoundWave Cookbook,Books,William Adams,North America,21,4,2024
T00565,C0156,P007,2.0,840.3,420.15,SoundWave Cookbook,Books,William Adams,North America,15,12,2024
T00824,C0156,P058,1.0,157.62,157.62,ActiveWear Textbook,Books,William Adams,North America,20,5,2024
T00984,C0156,P050,4.0,1750.6,437.65,ActiveWear Smartwatch,Electronics,William Adams,North America,4,5,2024
T00740,C0156,P100,4.0,505.36,126.34,HomeSense Sweater,Clothing,William Adams,North America,24,8,2024
T00775,C0156,P059,1.0,303.2,303.2,SoundWave Jeans,Clothing,William Adams,North America,5,10,2024
T00882,C0156,P059,3.0,909.6,303.2,SoundWave Jeans,Clothing,William Adams,North America,21,9,2024
T00526,C0156,P015,4.0,635.72,158.93,HomeSense Headphones,Electronics,William Adams,North America,1,1,2024
T00120,C0156,P083,1.0,455.72,455.72,ActiveWear Smartwatch,Electronics,William Adams,North America,27,2,2024
T00209,C0156,P019,3.0,1156.11,385.37,ComfortLiving Sweater,Clothing,William Adams,North America,6,9,2024
T00533,C0191,P062,4.0,1496.64,374.16,HomeSense Novel,Books,Samantha Gibson DVM,South America,12,7,2024
T00995,C0191,P040,4.0,612.76,153.19,SoundWave Mystery Book,Books,Samantha Gibson DVM,South America,4,6,2024
T00130,C0191,P088,1.0,263.55,263.55,SoundWave Headphones,Electronics,Samantha Gibson DVM,South America,15,8,2024
T00449,C0191,P001,1.0,169.3,169.3,ActiveWear Biography,Books,Samantha Gibson DVM,South America,12,12,2024
T00313,C0191,P083,1.0,455.72,455.72,ActiveWear Smartwatch,Electronics,Samantha Gibson DVM,South America,23,4,2024
T00570,C0147,P062,1.0,374.16,374.16,HomeSense Novel,Books,Hunter Fuller,South America,25,12,2024
T00079,C0147,P051,1.0,65.16,65.16,ComfortLiving Desk Lamp,Home Decor,Hunter Fuller,South America,9,5,2024
T00960,C0147,P081,1.0,66.32,66.32,HomeSense Sweater,Clothing,Hunter Fuller,South America,10,9,2024
T00357,C0147,P048,1.0,416.4,416.4,TechPro Cookbook,Books,Hunter Fuller,South America,15,11,2024
T00505,C0147,P066,2.0,674.44,337.22,SoundWave Textbook,Books,Hunter Fuller,South America,29,7,2024
T00336,C0147,P073,3.0,80.97,26.99,ComfortLiving Laptop,Electronics,Hunter Fuller,South America,16,11,2024
T00119,C0147,P018,1.0,436.89,436.89,ComfortLiving Mystery Book,Books,Hunter Fuller,South America,13,3,2024
T00393,C0147,P028,3.0,706.74,235.58,HomeSense Desk Lamp,Home Decor,Hunter Fuller,South America,28,5,2024
T00980,C0147,P071,1.0,127.36,127.36,TechPro T-Shirt,Clothing,Hunter Fuller,South America,30,3,2024
T00664,C0138,P062,4.0,1496.64,374.16,HomeSense Novel,Books,Cynthia Clayton,Asia,2,10,2024
T00679,C0138,P006,4.0,485.28,121.32,ActiveWear Rug,Home Decor,Cynthia Clayton,Asia,6,9,2024
T00595,C0138,P019,4.0,1541.48,385.37,ComfortLiving Sweater,Clothing,Cynthia Clayton,Asia,11,7,2024
T00409,C0138,P079,4.0,1669.48,417.37,ActiveWear Rug,Home Decor,Cynthia Clayton,Asia,18,12,2024
T00766,C0138,P079,1.0,417.37,417.37,ActiveWear Rug,Home Decor,Cynthia Clayton,Asia,2,2,2024
T00692,C0153,P062,2.0,748.32,374.16,HomeSense Novel,Books,Justin Smith,South America,30,6,2024
T00020,C0153,P007,4.0,1680.6,420.15,SoundWave Cookbook,Books,Justin Smith,South America,16,7,2024
T00102,C0153,P003,2.0,88.24,44.12,ComfortLiving Biography,Books,Justin Smith,South America,20,7,2024
T00681,C0153,P058,4.0,630.48,157.62,ActiveWear Textbook,Books,Justin Smith,South America,5,9,2024
T00167,C0153,P016,3.0,990.15,330.05,ActiveWear Running Shoes,Clothing,Justin Smith,South America,5,7,2024
T00714,C0153,P080,2.0,607.0,303.5,ActiveWear Jacket,Clothing,Justin Smith,South America,11,9,2024
T00723,C0043,P062,2.0,748.32,374.16,HomeSense Novel,Books,Sandy Short MD,Asia,12,6,2024
T00856,C0043,P051,2.0,130.32,65.16,ComfortLiving Desk Lamp,Home Decor,Sandy Short MD,Asia,19,9,2024
T00048,C0043,P100,2.0,252.68,126.34,HomeSense Sweater,Clothing,Sandy Short MD,Asia,23,4,2024
T00725,C0135,P062,2.0,748.32,374.16,HomeSense Novel,Books,Toni Weaver,Europe,3,10,2024
T00430,C0135,P003,2.0,88.24,44.12,ComfortLiving Biography,Books,Toni Weaver,Europe,16,5,2024
T00713,C0135,P079,2.0,834.74,417.37,ActiveWear Rug,Home Decor,Toni Weaver,Europe,22,1,2024
T00380,C0135,P046,4.0,1464.28,366.07,BookWorld Sweater,Clothing,Toni Weaver,Europe,4,1,2024
T00012,C0091,P041,4.0,1825.12,456.28,ComfortLiving Smartphone,Electronics,Lisa Kirk,South America,29,3,2024
T00919,C0091,P013,3.0,342.6,114.2,BookWorld Smartwatch,Electronics,Lisa Kirk,South America,10,3,2024
T00103,C0091,P081,4.0,265.28,66.32,HomeSense Sweater,Clothing,Lisa Kirk,South America,13,8,2024
T00891,C0091,P004,4.0,382.76,95.69,BookWorld Rug,Home Decor,Lisa Kirk,South America,24,7,2024
T00338,C0091,P026,2.0,128.76,64.38,SoundWave Bluetooth Speaker,Electronics,Lisa Kirk,South America,28,5,2024
T00927,C0091,P026,3.0,193.14,64.38,SoundWave Bluetooth Speaker,Electronics,Lisa Kirk,South America,22,4,2024
T00034,C0168,P041,4.0,1825.12,456.28,ComfortLiving Smartphone,Electronics,Karen Clements MD,South America,9,1,2024
T00086,C0168,P039,3.0,1291.77,430.59,TechPro Smartwatch,Electronics,Karen Clements MD,South America,14,7,2024
T00121,C0168,P043,4.0,1617.6,404.4,SoundWave Novel,Books,Karen Clements MD,South America,23,10,2024
T00474,C0168,P097,1.0,319.34,319.34,BookWorld Cookbook,Books,Karen Clements MD,South America,1,4,2024
T00231,C0069,P041,2.0,912.56,456.28,ComfortLiving Smartphone,Electronics,Stacy Foster,Europe,27,8,2024
T00243,C0069,P010,2.0,700.26,350.13,ComfortLiving Smartwatch,Electronics,Stacy Foster,Europe,31,8,2024
T00560,C0069,P013,3.0,342.6,114.2,BookWorld Smartwatch,Electronics,Stacy Foster,Europe,9,5,2024
T00286,C0069,P029,2.0,867.28,433.64,TechPro Headphones,Electronics,Stacy Foster,Europe,9,12,2024
T00398,C0069,P082,1.0,55.99,55.99,ComfortLiving Rug,Home Decor,Stacy Foster,Europe,14,3,2024
T00482,C0066,P041,4.0,1825.12,456.28,ComfortLiving Smartphone,Electronics,Catherine White,Europe,4,6,2024
T00887,C0066,P083,3.0,1367.16,455.72,ActiveWear Smartwatch,Electronics,Catherine White,Europe,28,8,2024
T00473,C0066,P080,2.0,607.0,303.5,ActiveWear Jacket,Clothing,Catherine White,Europe,13,3,2024
T00589,C0186,P041,1.0,456.28,456.28,ComfortLiving Smartphone,Electronics,Amber Alexander,Asia,23,10,2024
T00704,C0186,P040,4.0,612.76,153.19,SoundWave Mystery Book,Books,Amber Alexander,Asia,21,6,2024
T00717,C0186,P002,2.0,692.6,346.3,ActiveWear Smartwatch,Electronics,Amber Alexander,Asia,21,9,2024
T00597,C0023,P041,3.0,1368.84,456.28,ComfortLiving Smartphone,Electronics,Nicholas Cain,Europe,1,7,2024
T00513,C0023,P032,2.0,977.26,488.63,BookWorld Cookbook,Books,Nicholas Cain,Europe,11,11,2024
T00971,C0023,P017,1.0,469.77,469.77,ActiveWear Textbook,Books,Nicholas Cain,Europe,22,6,2024
T00195,C0023,P066,1.0,337.22,337.22,SoundWave Textbook,Books,Nicholas Cain,Europe,2,11,2024
T00168,C0023,P083,3.0,1367.16,455.72,ActiveWear Smartwatch,Electronics,Nicholas Cain,Europe,26,9,2024
T00451,C0023,P012,4.0,638.4,159.6,ComfortLiving Headphones,Electronics,Nicholas Cain,Europe,4,10,2024
T00014,C0105,P060,1.0,155.65,155.65,HomeSense T-Shirt,Clothing,Ryan Hampton,Europe,5,8,2024
T00942,C0105,P016,4.0,1320.2,330.05,ActiveWear Running Shoes,Clothing,Ryan Hampton,Europe,19,6,2024
T00792,C0105,P031,1.0,196.4,196.4,SoundWave Headphones,Electronics,Ryan Hampton,Europe,11,1,2024
T00545,C0105,P001,2.0,338.6,169.3,ActiveWear Biography,Books,Ryan Hampton,Europe,24,6,2024
T00132,C0105,P029,4.0,1734.56,433.64,TechPro Headphones,Electronics,Ryan Hampton,Europe,3,9,2024
T00624,C0105,P077,4.0,1062.04,265.51,ActiveWear Smartwatch,Electronics,Ryan Hampton,Europe,3,8,2024
T00392,C0072,P060,4.0,622.6,155.65,HomeSense T-Shirt,Clothing,Sarah Scott,North America,2,11,2024
T00016,C0072,P070,2.0,97.38,48.69,HomeSense T-Shirt,Clothing,Sarah Scott,North America,5,7,2024
T00090,C0072,P039,4.0,1722.36,430.59,TechPro Smartwatch,Electronics,Sarah Scott,North America,10,3,2024
T00461,C0072,P088,1.0,263.55,263.55,SoundWave Headphones,Electronics,Sarah Scott,North America,17,9,2024
T00385,C0072,P008,2.0,293.7,146.85,BookWorld Bluetooth Speaker,Electronics,Sarah Scott,North America,16,3,2024
T00405,C0093,P060,2.0,311.3,155.65,HomeSense T-Shirt,Clothing,Nancy Walker,Asia,2,8,2024
T00814,C0093,P038,1.0,147.22,147.22,TechPro Vase,Home Decor,Nancy Walker,Asia,8,9,2024
T00896,C0093,P086,1.0,440.7,440.7,SoundWave Novel,Books,Nancy Walker,Asia,26,3,2024
T00031,C0093,P076,3.0,1287.87,429.29,ActiveWear Jeans,Clothing,Nancy Walker,Asia,31,8,2024
T00149,C0093,P076,4.0,1717.16,429.29,ActiveWear Jeans,Clothing,Nancy Walker,Asia,13,7,2024
T00925,C0093,P036,1.0,372.55,372.55,BookWorld Jacket,Clothing,Nancy Walker,Asia,4,4,2024
T00874,C0093,P082,3.0,167.97,55.99,ComfortLiving Rug,Home Decor,Nancy Walker,Asia,12,9,2024
T00909,C0093,P012,2.0,319.2,159.6,ComfortLiving Headphones,Electronics,Nancy Walker,Asia,1,1,2024
T00549,C0093,P077,2.0,531.02,265.51,ActiveWear Smartwatch,Electronics,Nancy Walker,Asia,16,9,2024
T00452,C0009,P060,1.0,155.65,155.65,HomeSense T-Shirt,Clothing,Joy Clark,Europe,16,3,2024
T00902,C0009,P050,1.0,437.65,437.65,ActiveWear Smartwatch,Electronics,Joy Clark,Europe,12,10,2024
T00062,C0009,P059,1.0,303.2,303.2,SoundWave Jeans,Clothing,Joy Clark,Europe,12,10,2024
T00768,C0083,P060,1.0,155.65,155.65,HomeSense T-Shirt,Clothing,Christina Stark,South America,17,12,2024
T00581,C0083,P054,2.0,114.6,57.3,SoundWave Cookbook,Books,Christina Stark,South America,13,11,2024
T00469,C0083,P036,1.0,372.55,372.55,BookWorld Jacket,Clothing,Christina Stark,South America,14,4,2024
T00015,C0001,P054,2.0,114.6,57.3,SoundWave Cookbook,Books,Lawrence Carroll,South America,19,1,2024
T00932,C0001,P022,3.0,412.62,137.54,HomeSense Wall Art,Home Decor,Lawrence Carroll,South America,17,9,2024
T00085,C0001,P096,2.0,614.94,307.47,SoundWave Headphones,Electronics,Lawrence Carroll,South America,8,4,2024
T00445,C0001,P083,2.0,911.44,455.72,ActiveWear Smartwatch,Electronics,Lawrence Carroll,South America,7,5,2024
T00436,C0001,P029,3.0,1300.92,433.64,TechPro Headphones,Electronics,Lawrence Carroll,South America,2,11,2024
T00053,C0039,P054,3.0,171.9,57.3,SoundWave Cookbook,Books,Angela Harris,South America,30,9,2024
T00498,C0039,P013,1.0,114.2,114.2,BookWorld Smartwatch,Electronics,Angela Harris,South America,27,10,2024
T00141,C0039,P027,3.0,687.18,229.06,SoundWave Headphones,Electronics,Angela Harris,South America,8,7,2024
T00075,C0039,P021,3.0,1007.52,335.84,SoundWave Rug,Home Decor,Angela Harris,South America,27,10,2024
T00868,C0039,P011,4.0,1044.8,261.2,SoundWave Desk Lamp,Home Decor,Angela Harris,South America,8,9,2024
T00489,C0039,P080,4.0,1214.0,303.5,ActiveWear Jacket,Clothing,Angela Harris,South America,13,2,2024
T00210,C0165,P054,2.0,114.6,57.3,SoundWave Cookbook,Books,Juan Mcdaniel,South America,15,8,2024
T00327,C0165,P054,2.0,114.6,57.3,SoundWave Cookbook,Books,Juan Mcdaniel,South America,27,11,2024
T00587,C0165,P086,4.0,1762.8,440.7,SoundWave Novel,Books,Juan Mcdaniel,South America,9,8,2024
T00287,C0165,P068,4.0,1788.92,447.23,TechPro Novel,Books,Juan Mcdaniel,South America,26,12,2024
T00988,C0165,P052,4.0,1419.24,354.81,SoundWave Jacket,Clothing,Juan Mcdaniel,South America,6,9,2024
T00213,C0165,P029,3.0,1300.92,433.64,TechPro Headphones,Electronics,Juan Mcdaniel,South America,15,2,2024
T00672,C0165,P044,4.0,75.28,18.82,ActiveWear Running Shoes,Clothing,Juan Mcdaniel,South America,28,7,2024
T00711,C0165,P044,4.0,75.28,18.82,ActiveWear Running Shoes,Clothing,Juan Mcdaniel,South America,11,6,2024
T00878,C0165,P044,3.0,56.46,18.82,ActiveWear Running Shoes,Clothing,Juan Mcdaniel,South America,24,9,2024
T00262,C0143,P054,1.0,57.3,57.3,SoundWave Cookbook,Books,Brian Parker,Asia,30,1,2024
T00754,C0143,P076,3.0,1287.87,429.29,ActiveWear Jeans,Clothing,Brian Parker,Asia,30,1,2024
T00126,C0143,P014,4.0,105.04,26.26,ActiveWear Jacket,Clothing,Brian Parker,Asia,5,12,2024
T00437,C0143,P005,4.0,1717.24,429.31,TechPro T-Shirt,Clothing,Brian Parker,Asia,11,9,2024
T00370,C0143,P094,3.0,1342.02,447.34,HomeSense Cookware Set,Home Decor,Brian Parker,Asia,17,7,2024
T00974,C0143,P094,3.0,1342.02,447.34,HomeSense Cookware Set,Home Decor,Brian Parker,Asia,18,12,2024
T00578,C0143,P026,3.0,193.14,64.38,SoundWave Bluetooth Speaker,Electronics,Brian Parker,Asia,30,3,2024
T00395,C0038,P054,3.0,171.9,57.3,SoundWave Cookbook,Books,Jeffrey Perkins,North America,14,3,2024
T00553,C0038,P061,1.0,156.96,156.96,HomeSense Desk Lamp,Home Decor,Jeffrey Perkins,North America,12,12,2024
T00170,C0038,P082,3.0,167.97,55.99,ComfortLiving Rug,Home Decor,Jeffrey Perkins,North America,29,2,2024
T00805,C0038,P075,3.0,1493.28,497.76,TechPro Textbook,Books,Jeffrey Perkins,North America,5,2,2024
T00229,C0038,P028,3.0,706.74,235.58,HomeSense Desk Lamp,Home Decor,Jeffrey Perkins,North America,29,6,2024
T00423,C0019,P054,3.0,171.9,57.3,SoundWave Cookbook,Books,Brandon Rodriguez,Europe,8,11,2024
T00326,C0019,P027,3.0,687.18,229.06,SoundWave Headphones,Electronics,Brandon Rodriguez,Europe,14,6,2024
T00088,C0019,P001,2.0,338.6,169.3,ActiveWear Biography,Books,Brandon Rodriguez,Europe,30,1,2024
T00507,C0019,P018,1.0,436.89,436.89,ComfortLiving Mystery Book,Books,Brandon Rodriguez,Europe,28,5,2024
T00841,C0019,P043,1.0,404.4,404.4,SoundWave Novel,Books,Brandon Rodriguez,Europe,1,7,2024
T00219,C0019,P008,1.0,146.85,146.85,BookWorld Bluetooth Speaker,Electronics,Brandon Rodriguez,Europe,22,8,2024
T00634,C0073,P054,4.0,229.2,57.3,SoundWave Cookbook,Books,Heidi Johnson,Europe,20,3,2024
T00180,C0073,P017,2.0,939.54,469.77,ActiveWear Textbook,Books,Heidi Johnson,Europe,11,3,2024
T00384,C0073,P091,4.0,891.8,222.95,HomeSense Rug,Home Decor,Heidi Johnson,Europe,4,2,2024
T00784,C0047,P054,3.0,171.9,57.3,SoundWave Cookbook,Books,Samantha Frank,North America,23,8,2024
T00421,C0047,P007,1.0,420.15,420.15,SoundWave Cookbook,Books,Samantha Frank,North America,4,1,2024
T00667,C0047,P058,2.0,315.24,157.62,ActiveWear Textbook,Books,Samantha Frank,North America,26,4,2024
T00344,C0047,P042,3.0,1138.32,379.44,ActiveWear Headphones,Electronics,Samantha Frank,North America,17,1,2024
T00217,C0047,P074,1.0,295.58,295.58,SoundWave Desk Lamp,Home Decor,Samantha Frank,North America,28,2,2024
T00622,C0047,P082,2.0,111.98,55.99,ComfortLiving Rug,Home Decor,Samantha Frank,North America,22,2,2024
T00964,C0047,P079,1.0,417.37,417.37,ActiveWear Rug,Home Decor,Samantha Frank,North America,5,8,2024
T00884,C0171,P054,3.0,171.9,57.3,SoundWave Cookbook,Books,Michael Cowan,South America,28,1,2024
T00406,C0171,P040,2.0,306.38,153.19,SoundWave Mystery Book,Books,Michael Cowan,South America,18,2,2024
T00691,C0171,P086,3.0,1322.1,440.7,SoundWave Novel,Books,Michael Cowan,South America,13,1,2024
T00867,C0171,P032,3.0,1465.89,488.63,BookWorld Cookbook,Books,Michael Cowan,South America,23,10,2024
T00224,C0171,P017,4.0,1879.08,469.77,ActiveWear Textbook,Books,Michael Cowan,South America,6,7,2024
T00926,C0181,P054,3.0,171.9,57.3,SoundWave Cookbook,Books,Alexander Barker,South America,16,8,2024
T00374,C0181,P038,2.0,294.44,147.22,TechPro Vase,Home Decor,Alexander Barker,South America,27,12,2024
T00770,C0181,P050,2.0,875.3,437.65,ActiveWear Smartwatch,Electronics,Alexander Barker,South America,16,9,2024
T00181,C0181,P006,4.0,485.28,121.32,ActiveWear Rug,Home Decor,Alexander Barker,South America,21,7,2024
T00706,C0181,P002,3.0,1038.9,346.3,ActiveWear Smartwatch,Electronics,Alexander Barker,South America,1,7,2024
T00502,C0181,P045,1.0,481.78,481.78,SoundWave T-Shirt,Clothing,Alexander Barker,South America,12,4,2024
T00087,C0108,P070,1.0,48.69,48.69,HomeSense T-Shirt,Clothing,David Davis,South America,16,2,2024
T00898,C0108,P081,1.0,66.32,66.32,HomeSense Sweater,Clothing,David Davis,South America,26,7,2024
T00848,C0108,P011,2.0,522.4,261.2,SoundWave Desk Lamp,Home Decor,David Davis,South America,25,9,2024
T00360,C0108,P075,3.0,1493.28,497.76,TechPro Textbook,Books,David Davis,South America,29,5,2024
T00185,C0108,P028,4.0,942.32,235.58,HomeSense Desk Lamp,Home Decor,David Davis,South America,7,3,2024
T00817,C0108,P024,2.0,677.32,338.66,SoundWave Cookbook,Books,David Davis,South America,2,10,2024
T00603,C0108,P046,3.0,1098.21,366.07,BookWorld Sweater,Clothing,David Davis,South America,15,5,2024
T00098,C0090,P070,3.0,146.07,48.69,HomeSense T-Shirt,Clothing,Charles Hamilton,Asia,28,8,2024
T00052,C0090,P085,3.0,1249.05,416.35,BookWorld Biography,Books,Charles Hamilton,Asia,25,2,2024
T00834,C0090,P061,3.0,470.88,156.96,HomeSense Desk Lamp,Home Decor,Charles Hamilton,Asia,16,5,2024
T00695,C0090,P042,3.0,1138.32,379.44,ActiveWear Headphones,Electronics,Charles Hamilton,Asia,11,9,2024
T00760,C0090,P063,1.0,33.59,33.59,TechPro Novel,Books,Charles Hamilton,Asia,3,1,2024
T00745,C0090,P079,2.0,834.74,417.37,ActiveWear Rug,Home Decor,Charles Hamilton,Asia,22,6,2024
T00920,C0090,P077,1.0,265.51,265.51,ActiveWear Smartwatch,Electronics,Charles Hamilton,Asia,26,4,2024
T00281,C0126,P070,1.0,48.69,48.69,HomeSense T-Shirt,Clothing,Caitlin Brown,South America,24,9,2024
T00493,C0126,P086,4.0,1762.8,440.7,SoundWave Novel,Books,Caitlin Brown,South America,28,11,2024
T00061,C0126,P032,2.0,977.26,488.63,BookWorld Cookbook,Books,Caitlin Brown,South America,16,1,2024
T00225,C0126,P066,3.0,1011.66,337.22,SoundWave Textbook,Books,Caitlin Brown,South America,20,6,2024
T00720,C0126,P090,1.0,165.3,165.3,ComfortLiving Biography,Books,Caitlin Brown,South America,8,1,2024
T00412,C0126,P098,2.0,599.86,299.93,SoundWave Laptop,Electronics,Caitlin Brown,South America,8,11,2024
T00762,C0106,P070,4.0,194.76,48.69,HomeSense T-Shirt,Clothing,Amanda Mcguire,Asia,1,11,2024
T00862,C0106,P084,2.0,675.82,337.91,ActiveWear Wall Art,Home Decor,Amanda Mcguire,Asia,6,5,2024
T00028,C0106,P047,2.0,318.66,159.33,ComfortLiving Cookware Set,Home Decor,Amanda Mcguire,Asia,27,11,2024
T00058,C0106,P031,2.0,392.8,196.4,SoundWave Headphones,Electronics,Amanda Mcguire,Asia,18,9,2024
T00972,C0106,P064,3.0,1357.26,452.42,HomeSense Running Shoes,Clothing,Amanda Mcguire,Asia,1,11,2024
T00018,C0166,P010,3.0,1050.39,350.13,ComfortLiving Smartwatch,Electronics,John Rogers,Europe,21,9,2024
T00635,C0166,P078,4.0,164.72,41.18,HomeSense Rug,Home Decor,John Rogers,Europe,25,7,2024
T00796,C0166,P074,3.0,886.74,295.58,SoundWave Desk Lamp,Home Decor,John Rogers,Europe,12,8,2024
T00150,C0166,P080,1.0,303.5,303.5,ActiveWear Jacket,Clothing,John Rogers,Europe,22,10,2024
T00372,C0192,P010,1.0,350.13,350.13,ComfortLiving Smartwatch,Electronics,Sarah Arias,South America,22,7,2024
T00256,C0192,P039,3.0,1291.77,430.59,TechPro Smartwatch,Electronics,Sarah Arias,South America,30,7,2024
T00056,C0192,P016,1.0,330.05,330.05,ActiveWear Running Shoes,Clothing,Sarah Arias,South America,7,2,2024
T00077,C0192,P063,3.0,100.77,33.59,TechPro Novel,Books,Sarah Arias,South America,15,6,2024
T00516,C0074,P010,1.0,350.13,350.13,ComfortLiving Smartwatch,Electronics,Jonathan Russo,Europe,29,7,2024
T00669,C0074,P099,4.0,1417.16,354.29,SoundWave Mystery Book,Books,Jonathan Russo,Europe,3,1,2024
T00879,C0074,P005,3.0,1287.93,429.31,TechPro T-Shirt,Clothing,Jonathan Russo,Europe,20,1,2024
T00830,C0048,P010,2.0,700.26,350.13,ComfortLiving Smartwatch,Electronics,Matthew Park,South America,28,1,2024
T00359,C0048,P040,4.0,612.76,153.19,SoundWave Mystery Book,Books,Matthew Park,South America,4,12,2024
T00198,C0048,P039,1.0,430.59,430.59,TechPro Smartwatch,Electronics,Matthew Park,South America,17,9,2024
T00383,C0048,P065,2.0,855.22,427.61,BookWorld Sweater,Clothing,Matthew Park,South America,22,11,2024
T00617,C0048,P079,3.0,1252.11,417.37,ActiveWear Rug,Home Decor,Matthew Park,South America,14,1,2024
T00019,C0006,P040,2.0,306.38,153.19,SoundWave Mystery Book,Books,Brittany Palmer,South America,5,6,2024
T00024,C0006,P084,3.0,1013.73,337.91,ActiveWear Wall Art,Home Decor,Brittany Palmer,South America,13,6,2024
T00813,C0006,P086,3.0,1322.1,440.7,SoundWave Novel,Books,Brittany Palmer,South America,7,10,2024
T00259,C0006,P020,4.0,1585.36,396.34,ActiveWear Jacket,Clothing,Brittany Palmer,South America,25,1,2024
T00538,C0119,P040,2.0,306.38,153.19,SoundWave Mystery Book,Books,David Armstrong,Europe,26,4,2024
T00476,C0119,P061,1.0,156.96,156.96,HomeSense Desk Lamp,Home Decor,David Armstrong,Europe,7,2,2024
T00698,C0119,P011,1.0,261.2,261.2,SoundWave Desk Lamp,Home Decor,David Armstrong,Europe,26,12,2024
T00748,C0119,P096,1.0,307.47,307.47,SoundWave Headphones,Electronics,David Armstrong,Europe,13,10,2024
T00179,C0119,P012,1.0,159.6,159.6,ComfortLiving Headphones,Electronics,David Armstrong,Europe,27,11,2024
T00930,C0193,P040,2.0,306.38,153.19,SoundWave Mystery Book,Books,Douglas Torres,Asia,27,5,2024
T00945,C0193,P007,3.0,1260.45,420.15,SoundWave Cookbook,Books,Douglas Torres,Asia,22,5,2024
T00029,C0193,P068,3.0,1341.69,447.23,TechPro Novel,Books,Douglas Torres,Asia,12,2,2024
T00216,C0193,P063,3.0,100.77,33.59,TechPro Novel,Books,Douglas Torres,Asia,22,3,2024
T00993,C0027,P040,2.0,306.38,153.19,SoundWave Mystery Book,Books,Justin Heath,Asia,8,3,2024
T00025,C0027,P003,4.0,176.48,44.12,ComfortLiving Biography,Books,Justin Heath,Asia,11,10,2024
T00705,C0027,P059,4.0,1212.8,303.2,SoundWave Jeans,Clothing,Justin Heath,Asia,8,6,2024
T00495,C0027,P029,2.0,867.28,433.64,TechPro Headphones,Electronics,Justin Heath,Asia,7,4,2024
T00741,C0079,P007,2.0,840.3,420.15,SoundWave Cookbook,Books,Brian Murillo,North America,22,2,2024
T00530,C0079,P009,2.0,650.02,325.01,BookWorld Wall Art,Home Decor,Brian Murillo,North America,2,5,2024
T00547,C0079,P093,4.0,1219.76,304.94,TechPro Vase,Home Decor,Brian Murillo,North America,30,7,2024
T00192,C0079,P019,4.0,1541.48,385.37,ComfortLiving Sweater,Clothing,Brian Murillo,North America,28,3,2024
T00323,C0082,P038,4.0,588.88,147.22,TechPro Vase,Home Decor,Aimee Taylor,South America,22,9,2024
T00118,C0082,P068,3.0,1341.69,447.23,TechPro Novel,Books,Aimee Taylor,South America,30,11,2024
T00577,C0082,P032,2.0,977.26,488.63,BookWorld Cookbook,Books,Aimee Taylor,South America,19,10,2024
T00111,C0082,P081,4.0,265.28,66.32,HomeSense Sweater,Clothing,Aimee Taylor,South America,16,9,2024
T00541,C0082,P029,2.0,867.28,433.64,TechPro Headphones,Electronics,Aimee Taylor,South America,25,7,2024
T00375,C0082,P019,4.0,1541.48,385.37,ComfortLiving Sweater,Clothing,Aimee Taylor,South America,5,10,2024
T00928,C0082,P075,4.0,1991.04,497.76,TechPro Textbook,Books,Aimee Taylor,South America,6,9,2024
T00434,C0025,P038,4.0,588.88,147.22,TechPro Vase,Home Decor,Gregory Odom,South America,9,5,2024
T00509,C0025,P022,1.0,137.54,137.54,HomeSense Wall Art,Home Decor,Gregory Odom,South America,13,8,2024
T00608,C0025,P048,2.0,832.8,416.4,TechPro Cookbook,Books,Gregory Odom,South America,13,6,2024
T00765,C0025,P035,1.0,30.59,30.59,ActiveWear T-Shirt,Clothing,Gregory Odom,South America,31,1,2024
T00726,C0111,P038,1.0,147.22,147.22,TechPro Vase,Home Decor,Roger David,Europe,12,12,2024
T00991,C0111,P003,3.0,132.36,44.12,ComfortLiving Biography,Books,Roger David,Europe,26,1,2024
T00683,C0111,P016,4.0,1320.2,330.05,ActiveWear Running Shoes,Clothing,Roger David,Europe,27,1,2024
T00486,C0111,P081,4.0,265.28,66.32,HomeSense Sweater,Clothing,Roger David,Europe,3,7,2024
T00317,C0111,P073,4.0,107.96,26.99,ComfortLiving Laptop,Electronics,Roger David,Europe,19,6,2024
T00728,C0160,P038,1.0,147.22,147.22,TechPro Vase,Home Decor,Jodi Cook,North America,8,2,2024
T00199,C0160,P068,1.0,447.23,447.23,TechPro Novel,Books,Jodi Cook,North America,7,1,2024
T00522,C0160,P078,4.0,164.72,41.18,HomeSense Rug,Home Decor,Jodi Cook,North America,3,3,2024
T00300,C0160,P022,4.0,550.16,137.54,HomeSense Wall Art,Home Decor,Jodi Cook,North America,16,8,2024
T00907,C0160,P043,4.0,1617.6,404.4,SoundWave Novel,Books,Jodi Cook,North America,15,2,2024
T00785,C0159,P038,1.0,147.22,147.22,TechPro Vase,Home Decor,Austin Miller,Asia,26,3,2024
T00539,C0159,P047,4.0,637.32,159.33,ComfortLiving Cookware Set,Home Decor,Austin Miller,Asia,13,12,2024
T00487,C0159,P076,3.0,1287.87,429.29,ActiveWear Jeans,Clothing,Austin Miller,Asia,21,7,2024
T00913,C0117,P038,1.0,147.22,147.22,TechPro Vase,Home Decor,Jeffrey Mcmahon,North America,8,2,2024
T00724,C0117,P096,3.0,922.41,307.47,SoundWave Headphones,Electronics,Jeffrey Mcmahon,North America,22,7,2024
T00147,C0117,P099,4.0,1417.16,354.29,SoundWave Mystery Book,Books,Jeffrey Mcmahon,North America,5,8,2024
T00339,C0117,P019,4.0,1541.48,385.37,ComfortLiving Sweater,Clothing,Jeffrey Mcmahon,North America,3,5,2024
T00022,C0061,P085,3.0,1249.05,416.35,BookWorld Biography,Books,Brandon Escobar,Europe,19,8,2024
T00799,C0061,P035,1.0,30.59,30.59,ActiveWear T-Shirt,Clothing,Brandon Escobar,Europe,10,12,2024
T00468,C0061,P005,2.0,858.62,429.31,TechPro T-Shirt,Clothing,Brandon Escobar,Europe,23,2,2024
T00401,C0189,P085,3.0,1249.05,416.35,BookWorld Biography,Books,Sherri Dixon,North America,11,11,2024
T00042,C0189,P025,2.0,569.24,284.62,ActiveWear Cookware Set,Home Decor,Sherri Dixon,North America,21,12,2024
T00092,C0189,P081,3.0,198.96,66.32,HomeSense Sweater,Clothing,Sherri Dixon,North America,15,4,2024
T00095,C0189,P093,2.0,609.88,304.94,TechPro Vase,Home Decor,Sherri Dixon,North America,13,9,2024
T00996,C0189,P056,1.0,16.08,16.08,SoundWave Smartwatch,Electronics,Sherri Dixon,North America,31,1,2024
T00435,C0037,P085,4.0,1665.4,416.35,BookWorld Biography,Books,Linda Smith,Europe,16,5,2024
T00438,C0037,P074,3.0,886.74,295.58,SoundWave Desk Lamp,Home Decor,Linda Smith,Europe,15,7,2024
T00064,C0037,P009,1.0,325.01,325.01,BookWorld Wall Art,Home Decor,Linda Smith,Europe,15,9,2024
T00267,C0037,P066,3.0,1011.66,337.22,SoundWave Textbook,Books,Linda Smith,Europe,30,6,2024
T00613,C0037,P006,3.0,363.96,121.32,ActiveWear Rug,Home Decor,Linda Smith,Europe,30,9,2024
T00504,C0021,P085,1.0,416.35,416.35,BookWorld Biography,Books,Robert Blanchard,Asia,5,4,2024
T00069,C0021,P086,4.0,1762.8,440.7,SoundWave Novel,Books,Robert Blanchard,Asia,13,1,2024
T00658,C0021,P025,1.0,284.62,284.62,ActiveWear Cookware Set,Home Decor,Robert Blanchard,Asia,16,1,2024
T00172,C0021,P072,2.0,798.68,399.34,ActiveWear Headphones,Electronics,Robert Blanchard,Asia,14,7,2024
T00610,C0021,P096,2.0,614.94,307.47,SoundWave Headphones,Electronics,Robert Blanchard,Asia,12,10,2024
T00306,C0021,P065,3.0,1282.83,427.61,BookWorld Sweater,Clothing,Robert Blanchard,Asia,27,6,2024
T00413,C0021,P063,3.0,100.77,33.59,TechPro Novel,Books,Robert Blanchard,Asia,24,1,2024
T00801,C0021,P015,1.0,158.93,158.93,HomeSense Headphones,Electronics,Robert Blanchard,Asia,6,2,2024
T00829,C0099,P085,4.0,1665.4,416.35,BookWorld Biography,Books,Rodney Eaton,South America,23,12,2024
T00033,C0099,P036,2.0,745.1,372.55,BookWorld Jacket,Clothing,Rodney Eaton,South America,17,12,2024
T00322,C0099,P048,3.0,1249.2,416.4,TechPro Cookbook,Books,Rodney Eaton,South America,17,2,2024
T00460,C0099,P052,2.0,709.62,354.81,SoundWave Jacket,Clothing,Rodney Eaton,South America,2,5,2024
T00956,C0099,P035,1.0,30.59,30.59,ActiveWear T-Shirt,Clothing,Rodney Eaton,South America,28,5,2024
T00916,C0099,P056,4.0,64.32,16.08,SoundWave Smartwatch,Electronics,Rodney Eaton,South America,10,11,2024
T00177,C0099,P005,3.0,1287.93,429.31,TechPro T-Shirt,Clothing,Rodney Eaton,South America,14,6,2024
T00621,C0099,P045,2.0,963.56,481.78,SoundWave T-Shirt,Clothing,Rodney Eaton,South America,19,4,2024
T00361,C0052,P061,4.0,627.84,156.96,HomeSense Desk Lamp,Home Decor,Stanley Aguirre,South America,1,9,2024
T00791,C0052,P061,2.0,313.92,156.96,HomeSense Desk Lamp,Home Decor,Stanley Aguirre,South America,9,1,2024
T00779,C0052,P018,3.0,1310.67,436.89,ComfortLiving Mystery Book,Books,Stanley Aguirre,South America,29,8,2024
T00520,C0052,P028,1.0,235.58,235.58,HomeSense Desk Lamp,Home Decor,Stanley Aguirre,South America,20,4,2024
T00403,C0114,P061,4.0,627.84,156.96,HomeSense Desk Lamp,Home Decor,Benjamin Anderson,Europe,21,2,2024
T00523,C0114,P039,3.0,1291.77,430.59,TechPro Smartwatch,Electronics,Benjamin Anderson,Europe,15,3,2024
T00424,C0114,P088,4.0,1054.2,263.55,SoundWave Headphones,Electronics,Benjamin Anderson,Europe,23,9,2024
T00931,C0114,P043,4.0,1617.6,404.4,SoundWave Novel,Books,Benjamin Anderson,Europe,4,9,2024
T00788,C0114,P020,3.0,1189.02,396.34,ActiveWear Jacket,Clothing,Benjamin Anderson,Europe,13,6,2024
T00422,C0163,P061,3.0,470.88,156.96,HomeSense Desk Lamp,Home Decor,Tiffany Cain,South America,11,5,2024
T00223,C0163,P074,1.0,295.58,295.58,SoundWave Desk Lamp,Home Decor,Tiffany Cain,South America,29,4,2024
T00382,C0163,P074,4.0,1182.32,295.58,SoundWave Desk Lamp,Home Decor,Tiffany Cain,South America,1,3,2024
T00680,C0163,P029,4.0,1734.56,433.64,TechPro Headphones,Electronics,Tiffany Cain,South America,18,7,2024
T00159,C0163,P002,4.0,1385.2,346.3,ActiveWear Smartwatch,Electronics,Tiffany Cain,South America,12,10,2024
T00915,C0163,P028,3.0,706.74,235.58,HomeSense Desk Lamp,Home Decor,Tiffany Cain,South America,26,7,2024
T00655,C0182,P061,4.0,627.84,156.96,HomeSense Desk Lamp,Home Decor,Joshua Preston,Europe,28,4,2024
T00687,C0182,P021,4.0,1343.36,335.84,SoundWave Rug,Home Decor,Joshua Preston,Europe,31,3,2024
T00173,C0182,P097,4.0,1277.36,319.34,BookWorld Cookbook,Books,Joshua Preston,Europe,9,5,2024
T00903,C0182,P020,4.0,1585.36,396.34,ActiveWear Jacket,Clothing,Joshua Preston,Europe,29,1,2024
T00781,C0182,P008,1.0,146.85,146.85,BookWorld Bluetooth Speaker,Electronics,Joshua Preston,Europe,6,5,2024
T00795,C0178,P061,1.0,156.96,156.96,HomeSense Desk Lamp,Home Decor,Carol Williams,Asia,21,12,2024
T00752,C0178,P084,4.0,1351.64,337.91,ActiveWear Wall Art,Home Decor,Carol Williams,Asia,25,4,2024
T00242,C0178,P003,1.0,44.12,44.12,ComfortLiving Biography,Books,Carol Williams,Asia,8,10,2024
T00525,C0178,P019,3.0,1156.11,385.37,ComfortLiving Sweater,Clothing,Carol Williams,Asia,21,10,2024
T00869,C0081,P061,2.0,313.92,156.96,HomeSense Desk Lamp,Home Decor,Kimberly Turner,Europe,30,12,2023
T00156,C0081,P068,1.0,447.23,447.23,TechPro Novel,Books,Kimberly Turner,Europe,8,11,2024
T00676,C0081,P092,4.0,1556.8,389.2,BookWorld Running Shoes,Clothing,Kimberly Turner,Europe,4,9,2024
T00511,C0081,P030,3.0,833.58,277.86,ActiveWear Cookbook,Books,Kimberly Turner,Europe,26,5,2024
T00388,C0081,P073,1.0,26.99,26.99,ComfortLiving Laptop,Electronics,Kimberly Turner,Europe,11,4,2024
T00389,C0081,P006,3.0,363.96,121.32,ActiveWear Rug,Home Decor,Kimberly Turner,Europe,20,1,2024
T00100,C0197,P084,3.0,1013.73,337.91,ActiveWear Wall Art,Home Decor,Christina Harvey,Europe,8,5,2024
T00803,C0197,P013,4.0,456.8,114.2,BookWorld Smartwatch,Electronics,Christina Harvey,Europe,13,1,2024
T00951,C0197,P027,2.0,458.12,229.06,SoundWave Headphones,Electronics,Christina Harvey,Europe,27,12,2024
T00202,C0100,P084,1.0,337.91,337.91,ActiveWear Wall Art,Home Decor,Clinton Gomez,Europe,31,1,2024
T00638,C0100,P059,3.0,909.6,303.2,SoundWave Jeans,Clothing,Clinton Gomez,Europe,27,4,2024
T00677,C0100,P009,4.0,1300.04,325.01,BookWorld Wall Art,Home Decor,Clinton Gomez,Europe,5,3,2024
T00657,C0100,P048,1.0,416.4,416.4,TechPro Cookbook,Books,Clinton Gomez,Europe,4,8,2024
T00629,C0100,P093,1.0,304.94,304.94,TechPro Vase,Home Decor,Clinton Gomez,Europe,6,4,2024
T00576,C0100,P029,4.0,1734.56,433.64,TechPro Headphones,Electronics,Clinton Gomez,Europe,4,9,2024
T00235,C0116,P084,2.0,675.82,337.91,ActiveWear Wall Art,Home Decor,James Martinez,North America,31,1,2024
T00386,C0116,P051,4.0,260.64,65.16,ComfortLiving Desk Lamp,Home Decor,James Martinez,North America,3,9,2024
T00924,C0116,P066,1.0,337.22,337.22,SoundWave Textbook,Books,James Martinez,North America,2,4,2024
T00688,C0116,P064,1.0,452.42,452.42,HomeSense Running Shoes,Clothing,James Martinez,North America,22,5,2024
T00937,C0116,P090,1.0,165.3,165.3,ComfortLiving Biography,Books,James Martinez,North America,30,10,2024
T00975,C0116,P029,2.0,867.28,433.64,TechPro Headphones,Electronics,James Martinez,North America,16,6,2024
T00346,C0149,P084,4.0,1351.64,337.91,ActiveWear Wall Art,Home Decor,Tina Wilson,Europe,9,4,2024
T00652,C0149,P092,4.0,1556.8,389.2,BookWorld Running Shoes,Clothing,Tina Wilson,Europe,27,4,2024
T00955,C0149,P073,2.0,53.98,26.99,ComfortLiving Laptop,Electronics,Tina Wilson,Europe,29,8,2024
T00969,C0149,P012,3.0,478.8,159.6,ComfortLiving Headphones,Electronics,Tina Wilson,Europe,30,7,2024
T00598,C0149,P045,2.0,963.56,481.78,SoundWave T-Shirt,Clothing,Tina Wilson,Europe,24,5,2024
T00940,C0059,P084,4.0,1351.64,337.91,ActiveWear Wall Art,Home Decor,Mrs. Kimberly Wright,North America,14,9,2024
T00071,C0059,P068,1.0,447.23,447.23,TechPro Novel,Books,Mrs. Kimberly Wright,North America,24,10,2024
T00279,C0059,P096,1.0,307.47,307.47,SoundWave Headphones,Electronics,Mrs. Kimberly Wright,North America,9,9,2024
T00535,C0059,P019,4.0,1541.48,385.37,ComfortLiving Sweater,Clothing,Mrs. Kimberly Wright,North America,12,3,2024
T00851,C0059,P028,3.0,706.74,235.58,HomeSense Desk Lamp,Home Decor,Mrs. Kimberly Wright,North America,13,2,2024
T00733,C0059,P094,1.0,447.34,447.34,HomeSense Cookware Set,Home Decor,Mrs. Kimberly Wright,North America,6,2,2024
T00260,C0059,P091,4.0,891.8,222.95,HomeSense Rug,Home Decor,Mrs. Kimberly Wright,North America,23,3,2024
T00759,C0059,P037,3.0,1379.58,459.86,SoundWave Smartwatch,Electronics,Mrs. Kimberly Wright,North America,4,6,2024
T00958,C0026,P084,3.0,1013.73,337.91,ActiveWear Wall Art,Home Decor,Sara Miller,North America,7,10,2024
T00426,C0026,P092,1.0,389.2,389.2,BookWorld Running Shoes,Clothing,Sara Miller,North America,20,3,2024
T00787,C0026,P027,4.0,916.24,229.06,SoundWave Headphones,Electronics,Sara Miller,North America,4,6,2024
T00764,C0026,P096,4.0,1229.88,307.47,SoundWave Headphones,Electronics,Sara Miller,North America,9,10,2024
T00633,C0137,P003,3.0,132.36,44.12,ComfortLiving Biography,Books,Robert Gardner,South America,20,3,2024
T00877,C0137,P021,2.0,671.68,335.84,SoundWave Rug,Home Decor,Robert Gardner,South America,31,1,2024
T00571,C0137,P017,2.0,939.54,469.77,ActiveWear Textbook,Books,Robert Gardner,South America,1,2,2024
T00747,C0137,P004,1.0,95.69,95.69,BookWorld Rug,Home Decor,Robert Gardner,South America,23,12,2024
T00643,C0137,P075,3.0,1493.28,497.76,TechPro Textbook,Books,Robert Gardner,South America,21,5,2024
T00826,C0169,P003,2.0,88.24,44.12,ComfortLiving Biography,Books,Jennifer Shaw,South America,20,7,2024
T00415,C0169,P011,4.0,1044.8,261.2,SoundWave Desk Lamp,Home Decor,Jennifer Shaw,South America,13,3,2024
T00558,C0169,P017,4.0,1879.08,469.77,ActiveWear Textbook,Books,Jennifer Shaw,South America,29,11,2024
T00351,C0169,P052,4.0,1419.24,354.81,SoundWave Jacket,Clothing,Jennifer Shaw,South America,3,12,2024
T00157,C0169,P044,2.0,37.64,18.82,ActiveWear Running Shoes,Clothing,Jennifer Shaw,South America,9,11,2024
T00949,C0169,P056,4.0,64.32,16.08,SoundWave Smartwatch,Electronics,Jennifer Shaw,South America,16,2,2024
T00914,C0094,P003,2.0,88.24,44.12,ComfortLiving Biography,Books,Emily Trevino,North America,10,3,2024
T00153,C0094,P089,3.0,662.73,220.91,HomeSense Bluetooth Speaker,Electronics,Emily Trevino,North America,5,11,2024
T00609,C0094,P066,1.0,337.22,337.22,SoundWave Textbook,Books,Emily Trevino,North America,19,3,2024
T00865,C0094,P014,3.0,78.78,26.26,ActiveWear Jacket,Clothing,Emily Trevino,North America,28,4,2024
T00044,C0046,P051,3.0,195.48,65.16,ComfortLiving Desk Lamp,Home Decor,Beth Cardenas,North America,9,3,2024
T00352,C0046,P047,2.0,318.66,159.33,ComfortLiving Cookware Set,Home Decor,Beth Cardenas,North America,9,9,2024
T00810,C0046,P030,1.0,277.86,277.86,ActiveWear Cookbook,Books,Beth Cardenas,North America,6,1,2024
T00802,C0046,P016,3.0,990.15,330.05,ActiveWear Running Shoes,Clothing,Beth Cardenas,North America,25,9,2024
T00083,C0046,P066,4.0,1348.88,337.22,SoundWave Textbook,Books,Beth Cardenas,North America,8,4,2024
T00670,C0046,P083,2.0,911.44,455.72,ActiveWear Smartwatch,Electronics,Beth Cardenas,North America,3,8,2024
T00983,C0046,P020,4.0,1585.36,396.34,ActiveWear Jacket,Clothing,Beth Cardenas,North America,30,4,2024
T00169,C0152,P051,1.0,65.16,65.16,ComfortLiving Desk Lamp,Home Decor,Justin Evans,South America,9,6,2024
T00416,C0152,P058,1.0,157.62,157.62,ActiveWear Textbook,Books,Justin Evans,South America,13,1,2024
T00529,C0152,P072,3.0,1198.02,399.34,ActiveWear Headphones,Electronics,Justin Evans,South America,21,10,2024
T00325,C0152,P074,1.0,295.58,295.58,SoundWave Desk Lamp,Home Decor,Justin Evans,South America,22,6,2024
T00205,C0152,P079,4.0,1669.48,417.37,ActiveWear Rug,Home Decor,Justin Evans,South America,9,4,2024
T00297,C0131,P051,3.0,195.48,65.16,ComfortLiving Desk Lamp,Home Decor,Scott Wilson,North America,18,1,2024
T00682,C0131,P017,2.0,939.54,469.77,ActiveWear Textbook,Books,Scott Wilson,North America,1,4,2024
T00151,C0131,P043,2.0,808.8,404.4,SoundWave Novel,Books,Scott Wilson,North America,19,12,2024
T00607,C0175,P051,4.0,260.64,65.16,ComfortLiving Desk Lamp,Home Decor,Matthew Johnson,Asia,4,10,2024
T00107,C0175,P047,3.0,477.99,159.33,ComfortLiving Cookware Set,Home Decor,Matthew Johnson,Asia,25,9,2024
T00709,C0175,P076,1.0,429.29,429.29,ActiveWear Jeans,Clothing,Matthew Johnson,Asia,30,9,2024
T00400,C0175,P059,2.0,606.4,303.2,SoundWave Jeans,Clothing,Matthew Johnson,Asia,24,4,2024
T00280,C0175,P048,2.0,832.8,416.4,TechPro Cookbook,Books,Matthew Johnson,Asia,9,5,2024
T00378,C0175,P063,3.0,100.77,33.59,TechPro Novel,Books,Matthew Johnson,Asia,3,8,2024
T00596,C0175,P066,1.0,337.22,337.22,SoundWave Textbook,Books,Matthew Johnson,Asia,30,9,2024
T00109,C0175,P064,4.0,1809.68,452.42,HomeSense Running Shoes,Clothing,Matthew Johnson,Asia,20,11,2024
T00701,C0175,P008,2.0,293.7,146.85,BookWorld Bluetooth Speaker,Electronics,Matthew Johnson,Asia,27,7,2024
T00778,C0175,P077,4.0,1062.04,265.51,ActiveWear Smartwatch,Electronics,Matthew Johnson,Asia,18,7,2024
T00420,C0057,P086,4.0,1762.8,440.7,SoundWave Novel,Books,Elizabeth Nguyen,Europe,31,7,2024
T00200,C0057,P033,3.0,192.75,64.25,TechPro T-Shirt,Clothing,Elizabeth Nguyen,Europe,5,3,2024
T00783,C0057,P097,2.0,638.68,319.34,BookWorld Cookbook,Books,Elizabeth Nguyen,Europe,18,1,2024
T00719,C0057,P012,1.0,159.6,159.6,ComfortLiving Headphones,Electronics,Elizabeth Nguyen,Europe,7,4,2024
T00508,C0057,P094,3.0,1342.02,447.34,HomeSense Cookware Set,Home Decor,Elizabeth Nguyen,Europe,18,12,2024
T00660,C0057,P008,3.0,440.55,146.85,BookWorld Bluetooth Speaker,Electronics,Elizabeth Nguyen,Europe,23,9,2024
T00524,C0014,P047,2.0,318.66,159.33,ComfortLiving Cookware Set,Home Decor,Deborah Wilcox,Europe,17,1,2024
T00531,C0022,P047,1.0,159.33,159.33,ComfortLiving Cookware Set,Home Decor,Teresa Esparza,Asia,10,7,2024
T00404,C0022,P058,2.0,315.24,157.62,ActiveWear Textbook,Books,Teresa Esparza,Asia,17,9,2024
T00284,C0022,P059,4.0,1212.8,303.2,SoundWave Jeans,Clothing,Teresa Esparza,Asia,15,1,2024
T00892,C0022,P065,4.0,1710.44,427.61,BookWorld Sweater,Clothing,Teresa Esparza,Asia,6,4,2024
T00757,C0022,P008,2.0,293.7,146.85,BookWorld Bluetooth Speaker,Electronics,Teresa Esparza,Asia,3,9,2024
T00947,C0022,P045,2.0,963.56,481.78,SoundWave T-Shirt,Clothing,Teresa Esparza,Asia,11,8,2024
T00450,C0104,P068,1.0,447.23,447.23,TechPro Novel,Books,Laura Bennett,South America,23,8,2024
T00886,C0104,P022,3.0,412.62,137.54,HomeSense Wall Art,Home Decor,Laura Bennett,South America,28,10,2024
T00702,C0104,P059,4.0,1212.8,303.2,SoundWave Jeans,Clothing,Laura Bennett,South America,20,5,2024
T00735,C0104,P096,4.0,1229.88,307.47,SoundWave Headphones,Electronics,Laura Bennett,South America,4,11,2024
T00324,C0104,P017,1.0,469.77,469.77,ActiveWear Textbook,Books,Laura Bennett,South America,11,8,2024
T00772,C0104,P006,2.0,242.64,121.32,ActiveWear Rug,Home Decor,Laura Bennett,South America,16,6,2024
T00196,C0104,P094,2.0,894.68,447.34,HomeSense Cookware Set,Home Decor,Laura Bennett,South America,11,7,2024
T00746,C0104,P079,4.0,1669.48,417.37,ActiveWear Rug,Home Decor,Laura Bennett,South America,19,7,2024
T00833,C0187,P068,3.0,1341.69,447.23,TechPro Novel,Books,Kayla Kelly,South America,9,1,2024
T00397,C0187,P009,1.0,325.01,325.01,BookWorld Wall Art,Home Decor,Kayla Kelly,South America,4,7,2024
T00870,C0187,P018,4.0,1747.56,436.89,ComfortLiving Mystery Book,Books,Kayla Kelly,South America,2,5,2024
T00247,C0187,P080,1.0,303.5,303.5,ActiveWear Jacket,Clothing,Kayla Kelly,South America,12,10,2024
T00708,C0187,P094,2.0,894.68,447.34,HomeSense Cookware Set,Home Decor,Kayla Kelly,South America,12,2,2024
T00030,C0185,P092,3.0,1167.6,389.2,BookWorld Running Shoes,Clothing,Kathleen Logan,North America,20,8,2024
T00763,C0185,P021,3.0,1007.52,335.84,SoundWave Rug,Home Decor,Kathleen Logan,North America,14,4,2024
T00548,C0185,P048,3.0,1249.2,416.4,TechPro Cookbook,Books,Kathleen Logan,North America,6,1,2024
T00340,C0098,P092,2.0,778.4,389.2,BookWorld Running Shoes,Clothing,Laura Gilbert,North America,2,7,2024
T00542,C0098,P050,1.0,437.65,437.65,ActiveWear Smartwatch,Electronics,Laura Gilbert,North America,17,4,2024
T00739,C0098,P027,2.0,458.12,229.06,SoundWave Headphones,Electronics,Laura Gilbert,North America,26,4,2024
T00186,C0098,P078,1.0,41.18,41.18,HomeSense Rug,Home Decor,Laura Gilbert,North America,2,4,2024
T00299,C0098,P021,1.0,335.84,335.84,SoundWave Rug,Home Decor,Laura Gilbert,North America,27,8,2024
T00948,C0098,P059,2.0,606.4,303.2,SoundWave Jeans,Clothing,Laura Gilbert,North America,20,1,2024
T00853,C0098,P063,4.0,134.36,33.59,TechPro Novel,Books,Laura Gilbert,North America,23,12,2024
T00318,C0098,P046,1.0,366.07,366.07,BookWorld Sweater,Clothing,Laura Gilbert,North America,9,1,2024
T00410,C0042,P092,4.0,1556.8,389.2,BookWorld Running Shoes,Clothing,Heather Riley,North America,30,10,2024
T00614,C0042,P076,1.0,429.29,429.29,ActiveWear Jeans,Clothing,Heather Riley,North America,28,4,2024
T00298,C0042,P048,1.0,416.4,416.4,TechPro Cookbook,Books,Heather Riley,North America,9,11,2024
T00659,C0013,P036,3.0,1117.65,372.55,BookWorld Jacket,Clothing,Lauren Buchanan,South America,3,11,2024
T00484,C0013,P042,2.0,758.88,379.44,ActiveWear Headphones,Electronics,Lauren Buchanan,South America,24,2,2024
T00503,C0013,P017,4.0,1879.08,469.77,ActiveWear Textbook,Books,Lauren Buchanan,South America,26,7,2024
T00599,C0013,P015,1.0,158.93,158.93,HomeSense Headphones,Electronics,Lauren Buchanan,South America,15,8,2024
T00671,C0013,P064,1.0,452.42,452.42,HomeSense Running Shoes,Clothing,Lauren Buchanan,South America,23,8,2024
T00627,C0013,P020,4.0,1585.36,396.34,ActiveWear Jacket,Clothing,Lauren Buchanan,South America,6,5,2024
T00399,C0013,P056,3.0,48.24,16.08,SoundWave Smartwatch,Electronics,Lauren Buchanan,South America,28,3,2024
T00690,C0029,P036,3.0,1117.65,372.55,BookWorld Jacket,Clothing,Erin Manning,North America,26,12,2024
T00131,C0029,P059,1.0,303.2,303.2,SoundWave Jeans,Clothing,Erin Manning,North America,13,6,2024
T00277,C0029,P073,4.0,107.96,26.99,ComfortLiving Laptop,Electronics,Erin Manning,North America,1,10,2024
T00850,C0029,P055,2.0,257.06,128.53,BookWorld Biography,Books,Erin Manning,North America,3,3,2024
T00097,C0045,P013,4.0,456.8,114.2,BookWorld Smartwatch,Electronics,Michael Williams,Asia,8,6,2024
T00162,C0045,P072,3.0,1198.02,399.34,ActiveWear Headphones,Electronics,Michael Williams,Asia,26,8,2024
T00250,C0045,P074,4.0,1182.32,295.58,SoundWave Desk Lamp,Home Decor,Michael Williams,Asia,14,7,2024
T00467,C0045,P096,3.0,922.41,307.47,SoundWave Headphones,Electronics,Michael Williams,Asia,16,3,2024
T00084,C0045,P015,4.0,635.72,158.93,HomeSense Headphones,Electronics,Michael Williams,Asia,2,8,2024
T00732,C0045,P001,2.0,338.6,169.3,ActiveWear Biography,Books,Michael Williams,Asia,13,8,2024
T00767,C0045,P005,3.0,1287.93,429.31,TechPro T-Shirt,Clothing,Michael Williams,Asia,29,2,2024
T00144,C0084,P013,1.0,114.2,114.2,BookWorld Smartwatch,Electronics,Belinda Garner,Asia,24,1,2024
T00697,C0084,P013,3.0,342.6,114.2,BookWorld Smartwatch,Electronics,Belinda Garner,Asia,16,10,2024
T00038,C0084,P058,2.0,315.24,157.62,ActiveWear Textbook,Books,Belinda Garner,Asia,5,9,2024
T00871,C0084,P027,4.0,916.24,229.06,SoundWave Headphones,Electronics,Belinda Garner,Asia,12,3,2024
T00973,C0084,P042,3.0,1138.32,379.44,ActiveWear Headphones,Electronics,Belinda Garner,Asia,12,7,2024
T00110,C0084,P065,2.0,855.22,427.61,BookWorld Sweater,Clothing,Belinda Garner,Asia,13,8,2024
T00790,C0084,P043,1.0,404.4,404.4,SoundWave Novel,Books,Belinda Garner,Asia,13,8,2024
T00122,C0084,P035,2.0,61.18,30.59,ActiveWear T-Shirt,Clothing,Belinda Garner,Asia,12,9,2024
T00611,C0084,P008,2.0,293.7,146.85,BookWorld Bluetooth Speaker,Electronics,Belinda Garner,Asia,16,12,2024
T00201,C0118,P013,1.0,114.2,114.2,BookWorld Smartwatch,Electronics,Jacob Holt,South America,14,11,2024
T00662,C0118,P058,1.0,157.62,157.62,ActiveWear Textbook,Books,Jacob Holt,South America,8,11,2024
T00844,C0118,P048,4.0,1665.6,416.4,TechPro Cookbook,Books,Jacob Holt,South America,18,12,2024
T00139,C0118,P065,1.0,427.61,427.61,BookWorld Sweater,Clothing,Jacob Holt,South America,13,4,2024
T00335,C0118,P093,2.0,609.88,304.94,TechPro Vase,Home Decor,Jacob Holt,South America,6,4,2024
T00496,C0118,P037,1.0,459.86,459.86,SoundWave Smartwatch,Electronics,Jacob Holt,South America,24,10,2024
T00981,C0112,P058,4.0,630.48,157.62,ActiveWear Textbook,Books,Brian Adkins,South America,10,7,2024
T00979,C0112,P050,3.0,1312.95,437.65,ActiveWear Smartwatch,Electronics,Brian Adkins,South America,8,5,2024
T00584,C0112,P056,1.0,16.08,16.08,SoundWave Smartwatch,Electronics,Brian Adkins,South America,2,6,2024
T00328,C0085,P050,3.0,1312.95,437.65,ActiveWear Smartwatch,Electronics,Richard Brown,South America,4,9,2024
T00303,C0085,P030,1.0,277.86,277.86,ActiveWear Cookbook,Books,Richard Brown,South America,11,10,2024
T00054,C0085,P021,3.0,1007.52,335.84,SoundWave Rug,Home Decor,Richard Brown,South America,5,2,2024
T00345,C0140,P050,4.0,1750.6,437.65,ActiveWear Smartwatch,Electronics,Gregory Estrada,Asia,7,8,2024
T00612,C0140,P022,1.0,137.54,137.54,HomeSense Wall Art,Home Decor,Gregory Estrada,Asia,15,10,2024
T00362,C0096,P050,2.0,875.3,437.65,ActiveWear Smartwatch,Electronics,Benjamin Mcclure,South America,31,1,2024
T00864,C0096,P025,4.0,1138.48,284.62,ActiveWear Cookware Set,Home Decor,Benjamin Mcclure,South America,22,8,2024
T00391,C0096,P039,4.0,1722.36,430.59,TechPro Smartwatch,Electronics,Benjamin Mcclure,South America,2,8,2024
T00751,C0096,P088,2.0,527.1,263.55,SoundWave Headphones,Electronics,Benjamin Mcclure,South America,11,3,2024
T00552,C0096,P064,4.0,1809.68,452.42,HomeSense Running Shoes,Clothing,Benjamin Mcclure,South America,11,12,2024
T00718,C0007,P050,1.0,437.65,437.65,ActiveWear Smartwatch,Electronics,Paul Graves,Asia,20,2,2024
T00645,C0007,P096,3.0,922.41,307.47,SoundWave Headphones,Electronics,Paul Graves,Asia,25,8,2024
T00211,C0007,P093,4.0,1219.76,304.94,TechPro Vase,Home Decor,Paul Graves,Asia,29,3,2024
T00040,C0177,P030,4.0,1111.44,277.86,ActiveWear Cookbook,Books,Julia Kelly,Asia,27,6,2024
T00055,C0177,P072,2.0,798.68,399.34,ActiveWear Headphones,Electronics,Julia Kelly,Asia,12,6,2024
T00108,C0177,P055,1.0,128.53,128.53,BookWorld Biography,Books,Julia Kelly,Asia,4,11,2024
T00582,C0177,P028,2.0,471.16,235.58,HomeSense Desk Lamp,Home Decor,Julia Kelly,Asia,5,8,2024
T00268,C0170,P030,1.0,277.86,277.86,ActiveWear Cookbook,Books,Logan Harris,Europe,20,5,2024
T00885,C0170,P074,3.0,886.74,295.58,SoundWave Desk Lamp,Home Decor,Logan Harris,Europe,13,9,2024
T00883,C0170,P089,4.0,883.64,220.91,HomeSense Bluetooth Speaker,Electronics,Logan Harris,Europe,10,5,2024
T00264,C0170,P019,4.0,1541.48,385.37,ComfortLiving Sweater,Clothing,Logan Harris,Europe,12,1,2024
T00707,C0170,P094,3.0,1342.02,447.34,HomeSense Cookware Set,Home Decor,Logan Harris,Europe,27,5,2024
T00604,C0011,P030,1.0,277.86,277.86,ActiveWear Cookbook,Books,Bryan Mathews,South America,10,8,2024
T00341,C0011,P017,2.0,939.54,469.77,ActiveWear Textbook,Books,Bryan Mathews,South America,26,12,2024
T00078,C0011,P089,3.0,662.73,220.91,HomeSense Bluetooth Speaker,Electronics,Bryan Mathews,South America,23,3,2024
T00822,C0011,P055,3.0,385.59,128.53,BookWorld Biography,Books,Bryan Mathews,South America,8,5,2024
T00769,C0011,P046,4.0,1464.28,366.07,BookWorld Sweater,Clothing,Bryan Mathews,South America,6,2,2024
T00304,C0174,P025,1.0,284.62,284.62,ActiveWear Cookware Set,Home Decor,Tracy Steele,South America,12,12,2024
T00786,C0174,P048,4.0,1665.6,416.4,TechPro Cookbook,Books,Tracy Steele,South America,7,8,2024
T00104,C0174,P063,3.0,100.77,33.59,TechPro Novel,Books,Tracy Steele,South America,12,1,2024
T00254,C0174,P043,2.0,808.8,404.4,SoundWave Novel,Books,Tracy Steele,South America,30,6,2024
T00454,C0174,P056,2.0,32.16,16.08,SoundWave Smartwatch,Electronics,Tracy Steele,South America,10,11,2024
T00331,C0005,P025,3.0,853.86,284.62,ActiveWear Cookware Set,Home Decor,Laura Weber,Asia,5,5,2024
T00348,C0005,P039,2.0,861.18,430.59,TechPro Smartwatch,Electronics,Laura Weber,Asia,15,3,2024
T00789,C0005,P012,2.0,319.2,159.6,ComfortLiving Headphones,Electronics,Laura Weber,Asia,4,11,2024
T00462,C0003,P025,3.0,853.86,284.62,ActiveWear Cookware Set,Home Decor,Michael Rivera,South America,3,6,2024
T00143,C0003,P006,3.0,363.96,121.32,ActiveWear Rug,Home Decor,Michael Rivera,South America,16,6,2024
T00812,C0003,P035,4.0,122.36,30.59,ActiveWear T-Shirt,Clothing,Michael Rivera,South America,18,2,2024
T00648,C0003,P002,4.0,1385.2,346.3,ActiveWear Smartwatch,Electronics,Michael Rivera,South America,24,8,2024
T00164,C0062,P078,3.0,123.54,41.18,HomeSense Rug,Home Decor,Jeffery Hartman,Europe,10,7,2024
T00057,C0062,P059,3.0,909.6,303.2,SoundWave Jeans,Clothing,Jeffery Hartman,Europe,3,7,2024
T00806,C0062,P059,2.0,606.4,303.2,SoundWave Jeans,Clothing,Jeffery Hartman,Europe,4,1,2024
T00592,C0060,P078,2.0,82.36,41.18,HomeSense Rug,Home Decor,James Murphy,Europe,3,9,2024
T00820,C0077,P100,2.0,252.68,126.34,HomeSense Sweater,Clothing,Scott Sims,South America,11,3,2024
T00081,C0077,P081,4.0,265.28,66.32,HomeSense Sweater,Clothing,Scott Sims,South America,2,11,2024
T00278,C0077,P097,1.0,319.34,319.34,BookWorld Cookbook,Books,Scott Sims,South America,26,9,2024
T00472,C0016,P039,1.0,430.59,430.59,TechPro Smartwatch,Electronics,Emily Woods,North America,2,7,2024
T00700,C0016,P016,1.0,330.05,330.05,ActiveWear Running Shoes,Clothing,Emily Woods,North America,15,8,2024
T00722,C0016,P018,4.0,1747.56,436.89,ComfortLiving Mystery Book,Books,Emily Woods,North America,31,7,2024
T00632,C0016,P083,1.0,455.72,455.72,ActiveWear Smartwatch,Electronics,Emily Woods,North America,11,7,2024
T00827,C0016,P080,3.0,910.5,303.5,ActiveWear Jacket,Clothing,Emily Woods,North America,10,11,2024
T00051,C0097,P022,1.0,137.54,137.54,HomeSense Wall Art,Home Decor,Tina Ford,Asia,23,3,2024
T00296,C0179,P022,3.0,412.62,137.54,HomeSense Wall Art,Home Decor,Donald Miller,Europe,23,7,2024
T00377,C0179,P059,1.0,303.2,303.2,SoundWave Jeans,Clothing,Donald Miller,Europe,22,1,2024
T00320,C0179,P032,3.0,1465.89,488.63,BookWorld Cookbook,Books,Donald Miller,Europe,6,4,2024
T00954,C0179,P088,4.0,1054.2,263.55,SoundWave Headphones,Electronics,Donald Miller,Europe,10,10,2024
T00586,C0179,P093,1.0,304.94,304.94,TechPro Vase,Home Decor,Donald Miller,Europe,31,8,2024
T00373,C0179,P082,2.0,111.98,55.99,ComfortLiving Rug,Home Decor,Donald Miller,Europe,7,2,2024
T00857,C0080,P021,3.0,1007.52,335.84,SoundWave Rug,Home Decor,David Gonzalez,Asia,12,3,2024
T00994,C0040,P072,2.0,798.68,399.34,ActiveWear Headphones,Electronics,Michael Harrell,Asia,6,1,2024
T00154,C0040,P020,4.0,1585.36,396.34,ActiveWear Jacket,Clothing,Michael Harrell,Asia,31,12,2023
T00967,C0040,P020,4.0,1585.36,396.34,ActiveWear Jacket,Clothing,Michael Harrell,Asia,19,7,2024
T00906,C0129,P059,4.0,1212.8,303.2,SoundWave Jeans,Clothing,Marcus Livingston,South America,10,10,2024
T00311,C0129,P009,2.0,650.02,325.01,BookWorld Wall Art,Home Decor,Marcus Livingston,South America,30,9,2024
T00989,C0129,P015,3.0,476.79,158.93,HomeSense Headphones,Electronics,Marcus Livingston,South America,28,5,2024
T00059,C0107,P042,1.0,379.44,379.44,ActiveWear Headphones,Electronics,Dana Cantrell,South America,29,6,2024
T00569,C0107,P065,3.0,1282.83,427.61,BookWorld Sweater,Clothing,Dana Cantrell,South America,22,10,2024
T00255,C0107,P055,4.0,514.12,128.53,BookWorld Biography,Books,Dana Cantrell,South America,27,2,2024
T00174,C0107,P012,1.0,159.6,159.6,ComfortLiving Headphones,Electronics,Dana Cantrell,South America,21,2,2024
T00855,C0107,P005,3.0,1287.93,429.31,TechPro T-Shirt,Clothing,Dana Cantrell,South America,16,8,2024
T00060,C0054,P074,4.0,1182.32,295.58,SoundWave Desk Lamp,Home Decor,Bruce Rhodes,Asia,6,5,2024
T00519,C0054,P073,2.0,53.98,26.99,ComfortLiving Laptop,Electronics,Bruce Rhodes,Asia,2,6,2024
T00636,C0054,P064,3.0,1357.26,452.42,HomeSense Running Shoes,Clothing,Bruce Rhodes,Asia,28,1,2024
T00342,C0054,P043,3.0,1213.2,404.4,SoundWave Novel,Books,Bruce Rhodes,Asia,24,1,2024
T00793,C0054,P091,3.0,668.85,222.95,HomeSense Rug,Home Decor,Bruce Rhodes,Asia,7,10,2024
T00654,C0054,P098,4.0,1199.72,299.93,SoundWave Laptop,Electronics,Bruce Rhodes,Asia,7,7,2024
T00663,C0054,P045,3.0,1445.34,481.78,SoundWave T-Shirt,Clothing,Bruce Rhodes,Asia,23,4,2024
T00408,C0054,P037,2.0,919.72,459.86,SoundWave Smartwatch,Electronics,Bruce Rhodes,Asia,15,8,2024
T00152,C0144,P074,4.0,1182.32,295.58,SoundWave Desk Lamp,Home Decor,Andrea Hart,North America,17,4,2024
T00479,C0144,P035,4.0,122.36,30.59,ActiveWear T-Shirt,Clothing,Andrea Hart,North America,27,4,2024
T00839,C0089,P074,3.0,886.74,295.58,SoundWave Desk Lamp,Home Decor,Paul Carter,Europe,3,12,2024
T00908,C0089,P079,4.0,1669.48,417.37,ActiveWear Rug,Home Decor,Paul Carter,Europe,12,2,2024
T00821,C0050,P032,2.0,977.26,488.63,BookWorld Cookbook,Books,Ryan Davis,North America,4,4,2024
T00556,C0050,P088,3.0,790.65,263.55,SoundWave Headphones,Electronics,Ryan Davis,North America,17,11,2024
T00258,C0050,P029,3.0,1300.92,433.64,TechPro Headphones,Electronics,Ryan Davis,North America,25,4,2024
T00987,C0015,P032,1.0,488.63,488.63,BookWorld Cookbook,Books,Tina Duran,North America,10,2,2024
T00798,C0015,P091,3.0,668.85,222.95,HomeSense Rug,Home Decor,Tina Duran,North America,21,9,2024
T00715,C0033,P081,2.0,132.64,66.32,HomeSense Sweater,Clothing,Tyler Holt,North America,5,7,2024
T00350,C0020,P096,3.0,922.41,307.47,SoundWave Headphones,Electronics,Mr. Manuel Conway,North America,30,1,2024
T00666,C0044,P096,1.0,307.47,307.47,SoundWave Headphones,Electronics,Kenneth Alexander,Europe,27,6,2024
T00876,C0044,P075,2.0,995.52,497.76,TechPro Textbook,Books,Kenneth Alexander,Europe,22,10,2024
T00307,C0044,P045,4.0,1927.12,481.78,SoundWave T-Shirt,Clothing,Kenneth Alexander,Europe,30,5,2024
T00630,C0031,P093,2.0,609.88,304.94,TechPro Vase,Home Decor,Tina Miller,South America,8,10,2024
T00510,C0031,P033,4.0,257.0,64.25,TechPro T-Shirt,Clothing,Tina Miller,South America,6,3,2024
T00402,C0031,P002,2.0,692.6,346.3,ActiveWear Smartwatch,Electronics,Tina Miller,South America,24,11,2024
T00238,C0031,P091,2.0,445.9,222.95,HomeSense Rug,Home Decor,Tina Miller,South America,11,8,2024
T00583,C0198,P073,1.0,26.99,26.99,ComfortLiving Laptop,Electronics,Rebecca Ray,Europe,4,10,2024
T00145,C0198,P064,2.0,904.84,452.42,HomeSense Running Shoes,Clothing,Rebecca Ray,Europe,29,9,2024
T00429,C0030,P055,3.0,385.59,128.53,BookWorld Biography,Books,Mark Brock,North America,15,12,2024
T00532,C0030,P033,3.0,192.75,64.25,TechPro T-Shirt,Clothing,Mark Brock,North America,11,4,2024
T00419,C0030,P004,3.0,287.07,95.69,BookWorld Rug,Home Decor,Mark Brock,North America,12,7,2024
T00263,C0030,P020,1.0,396.34,396.34,ActiveWear Jacket,Clothing,Mark Brock,North America,28,1,2024
T00183,C0030,P005,3.0,1287.93,429.31,TechPro T-Shirt,Clothing,Mark Brock,North America,24,8,2024
T00606,C0196,P018,3.0,1310.67,436.89,ComfortLiving Mystery Book,Books,Laura Watts,Europe,6,8,2024
T00212,C0196,P020,4.0,1585.36,396.34,ActiveWear Jacket,Clothing,Laura Watts,Europe,3,12,2024
T00274,C0196,P079,1.0,417.37,417.37,ActiveWear Rug,Home Decor,Laura Watts,Europe,28,8,2024
T00575,C0196,P079,4.0,1669.48,417.37,ActiveWear Rug,Home Decor,Laura Watts,Europe,15,12,2024
T00356,C0115,P043,4.0,1617.6,404.4,SoundWave Novel,Books,Joshua Hamilton,Asia,22,12,2024
T00849,C0115,P098,2.0,599.86,299.93,SoundWave Laptop,Electronics,Joshua Hamilton,Asia,31,1,2024
T00959,C0115,P037,2.0,919.72,459.86,SoundWave Smartwatch,Electronics,Joshua Hamilton,Asia,29,9,2024
T00933,C0058,P020,1.0,396.34,396.34,ActiveWear Jacket,Clothing,Zachary Turner,North America,1,2,2024
T00774,C0095,P056,2.0,32.16,16.08,SoundWave Smartwatch,Electronics,William Walker,South America,7,1,2024
T00823,C0095,P079,3.0,1252.11,417.37,ActiveWear Rug,Home Decor,William Walker,South America,30,9,2024
T00369,C0151,P082,4.0,223.96,55.99,ComfortLiving Rug,Home Decor,Amber Gonzalez,South America,24,12,2024
T00809,C0078,P075,2.0,995.52,497.76,TechPro Textbook,Books,Julia Palmer,Asia,9,12,2024
T00527,C0110,P028,4.0,942.32,235.58,HomeSense Desk Lamp,Home Decor,Elizabeth Wells,Asia,2,1,2024
